id,object_id,valuation_amount,raised_amount,public_at,stock_symbol,source_description,created_at,updated_at,ipo_year,ipo_month
1,c:1654,0.0,0.0,1980-12-19,NASDAQ:AAPL,,2008-02-09 05:17:45,2012-04-12 04:02:59,1980,12
2,c:1242,0.0,0.0,1986-03-13,NASDAQ:MSFT,,2008-02-09 05:25:18,2010-12-11 12:39:46,1986,3
3,c:342,0.0,0.0,1969-06-09,NYSE:DIS,,2008-02-09 05:40:32,2010-12-23 08:58:16,1969,6
4,c:59,0.0,0.0,2004-08-25,NASDAQ:GOOG,,2008-02-10 22:51:24,2011-08-01 20:47:08,2004,8
5,c:317,100000000000.0,0.0,1997-05-01,NASDAQ:AMZN,,2008-02-10 23:28:09,2011-08-01 21:11:22,1997,5
6,c:1438,350000000.0,87000000.0,2006-09-29,SFLY,,2008-02-11 06:03:56,2013-05-20 03:48:47,2006,9
7,c:2644,160000000.0,0.0,2006-05-01,DIVX,,2008-02-25 23:52:11,2008-06-15 02:58:53,2006,5
8,c:2584,0.0,0.0,2004-03-01,OPESF,,2008-02-27 20:22:31,2012-05-08 00:09:32,2004,3
9,c:2720,0.0,0.0,1999-12-02,XOXO,,2008-02-29 00:31:34,2011-08-22 02:11:44,1999,12
10,c:3316,6000000000.0,0.0,1988-08-12,NASDAQ:BMC,,2008-03-18 14:07:10,2013-10-21 18:08:28,1988,8
11,c:2537,0.0,0.0,1993-03-19,NASDAQ:INTU,,2008-03-22 19:10:01,2012-04-13 04:23:15,1993,3
12,c:475,235000000.0,0.0,2010-07-27,KITD,,2008-03-24 21:13:36,2011-08-28 01:57:06,2010,7
13,c:283,0.0,0.0,1986-08-22,NASDAQ:ADBE,,2008-03-25 21:34:12,2012-04-13 04:26:43,1986,8
14,c:3619,0.0,0.0,2000-01-01,CMNN,,2008-03-26 08:04:35,2008-06-15 03:05:38,2000,1
15,c:3658,2000000000.0,0.0,1992-01-01,BKS,,2008-03-27 19:10:30,2008-06-15 03:06:09,1992,1
16,c:108,0.0,254111.0,2007-06-22,BLNX,,2008-03-27 22:02:50,2012-05-02 05:20:28,2007,6
17,c:3754,0.0,0.0,1987-06-16,FORR,cjhznoa,2008-03-30 16:44:42,2012-08-01 08:41:51,1987,6
18,c:3952,0.0,0.0,2000-01-01,TSG,,2008-04-04 20:08:26,2008-07-31 23:41:50,2000,1
19,c:4018,4000000000.0,0.0,2005-08-05,NASDAQ:BIDU,,2008-04-07 23:30:28,2010-11-18 10:19:58,2005,8
20,c:2335,0.0,0.0,2002-05-23,NASDAQ:NFLX,Harvard Business Review,2008-04-12 21:22:08,2012-08-09 08:24:14,2002,5
21,c:29,0.0,0.0,1996-04-12,NASDAQ:YHOO,,2008-04-12 21:23:29,2013-08-26 04:45:07,1996,4
22,c:351,0.0,0.0,2009-12-04,NYSE:AOL,,2008-04-12 21:25:47,2012-02-24 22:01:26,2009,12
23,c:424,0.0,0.0,1999-09-29,NASDAQ:AKAM,,2008-04-13 14:59:34,2010-11-15 13:18:13,1999,9
24,c:20,0.0,0.0,1998-10-02,NASDAQ:EBAY,,2008-04-13 15:12:37,2012-04-12 04:24:15,1998,10
25,c:1972,110000000.0,0.0,2004-07-02,NYSE:CRM,,2008-04-14 05:04:07,2012-04-13 03:44:42,2004,7
26,c:966,0.0,0.0,1986-04-11,NYSE:EMC,,2008-04-14 18:09:40,2012-04-12 04:00:48,1986,4
27,c:500,100000000.0,0.0,2006-08-01,JTV,,2008-04-16 16:56:08,2008-04-16 16:56:08,2006,8
29,c:3320,0.0,0.0,1989-06-23,NASDAQ:SYMC,,2008-04-22 17:00:21,2012-04-16 02:27:12,1989,6
32,c:4821,0.0,0.0,2007-06-07,INFN,,2008-04-29 19:44:04,2008-05-22 18:20:03,2007,6
33,c:5229,0.0,0.0,1998-01-01,NASDAQ:BBRY,,2008-05-12 03:38:39,2013-01-30 16:15:56,1998,1
37,c:848,0.0,0.0,1998-02-06,NASDAQ:VRSN,,2008-05-15 19:11:50,2012-04-16 04:01:45,1998,2
38,c:474,0.0,0.0,2006-10-31,GOFH,,2008-05-15 23:52:52,2008-07-31 23:23:29,2006,10
39,c:5444,0.0,0.0,2000-04-01,SABA,,2008-05-16 01:15:05,2008-05-16 01:18:32,2000,4
40,c:5471,0.0,0.0,1988-11-04,NASDAQ:VOD,,2008-05-16 18:02:21,2012-04-24 04:30:52,1988,11
41,c:645,327000000.0,0.0,2007-03-22,GLUU,,2008-05-20 19:34:50,2008-05-20 19:47:58,2007,3
42,c:4708,0.0,0.0,1996-08-16,NASDAQ: ETFC,E*TRADE Company Overview,2008-05-23 02:11:57,2013-12-09 21:14:51,1996,8
44,c:4942,14000000000.0,0.0,1998-04-01,LVLT,,2008-05-26 01:39:00,2008-05-26 01:40:54,1998,4
45,c:1790,0.0,0.0,2007-11-26,SFSF,,2008-05-29 19:51:56,2008-05-29 19:51:56,2007,11
46,c:256,0.0,0.0,2007-12-28,NYSE:N,,2008-06-02 20:26:57,2012-04-17 04:40:09,2007,12
47,c:3246,0.0,0.0,1978-01-13,NYSE:IBM,,2008-06-04 03:52:45,2012-04-12 04:04:11,1978,1
49,c:323,0.0,0.0,1991-12-20,NASDAQ:QCOM,,2008-06-11 00:59:12,2012-04-12 03:52:22,1991,12
51,c:6783,0.0,0.0,1971-01-01,WM,,2008-06-17 21:14:49,2010-08-19 15:43:13,1971,1
52,c:3277,0.0,0.0,2003-07-17,BNG,,2008-07-03 08:03:46,2012-03-03 20:32:38,2003,7
53,c:7872,970000000.0,0.0,2006-09-14,JP:2121,,2008-07-07 17:35:57,2013-01-27 04:50:59,2006,9
54,c:41,0.0,0.0,1978-01-13,NYSE:GCI,,2008-07-28 09:25:33,2013-10-04 13:42:58,1978,1
55,c:8931,0.0,0.0,2000-08-18,NASDAQ:EQIX,,2008-09-04 20:27:54,2012-04-16 03:48:16,2000,8
57,c:570,0.0,0.0,1988-06-28,NYSE:SSP,E.W. Scripps' Company Website,2008-10-22 19:56:53,2013-12-09 21:50:30,1988,6
58,c:3275,0.0,0.0,1995-11-17,NASDAQ:SNDK,,2008-11-24 20:44:43,2012-04-16 02:54:58,1995,11
60,c:2390,0.0,0.0,1999-03-19,NASDAQ:INFY,,2008-12-10 19:16:08,2012-04-12 04:59:17,1999,3
61,c:28,0.0,0.0,1990-02-23,NASDAQ:CSCO,,2008-12-10 19:19:25,2012-04-12 04:17:28,1990,2
65,c:5208,0.0,0.0,1999-01-29,NASDAQ:NVDA,,2008-12-10 19:34:17,2012-04-16 03:16:41,1999,1
67,c:71,0.0,0.0,1978-01-13,NASDAQ:INTC,,2008-12-10 19:38:50,2012-04-12 03:53:33,1978,1
68,c:15609,108960000000.0,0.0,2008-12-17,3632,,2008-12-22 21:31:45,2010-10-08 06:47:07,2008,12
70,c:3161,5440000000.0,0.0,2011-11-07,RAX,,2009-01-14 20:52:52,2011-11-08 09:34:40,2011,11
72,c:2334,0.0,0.0,1999-09-01,TIVO,,2009-01-20 23:07:01,2009-01-20 23:07:55,1999,9
73,c:1926,0.0,0.0,2007-04-03,SCOR,,2009-01-20 23:26:59,2009-01-20 23:27:51,2007,4
74,c:4019,0.0,0.0,2000-04-13,NASDAQ:SINA,,2009-01-20 23:41:16,2012-04-10 04:16:17,2000,4
75,c:17289,0.0,0.0,1999-06-01,QPSA (AMEX),,2009-01-20 23:43:47,2011-11-13 18:47:48,1999,6
76,c:5040,0.0,0.0,1993-11-05,NASDAQ:ATVI,,2009-01-20 23:47:12,2012-04-16 02:44:34,1993,11
77,c:5182,0.0,0.0,1990-01-02,NASDAQ:ADSK,,2009-01-20 23:59:17,2012-04-11 04:14:31,1990,1
78,c:7030,0.0,0.0,1996-07-05,NASDAQ:CHKP,,2009-01-27 20:44:23,2012-04-13 05:12:49,1996,7
79,c:6292,0.0,0.0,1998-10-16,NYSE:GIB,akxZoAgo,2009-01-27 21:02:04,2012-07-28 04:16:47,1998,10
80,c:12287,0.0,0.0,2000-03-01,NASDAQ:WBSN,,2009-01-27 22:35:29,2010-03-09 18:41:11,2000,3
81,c:18116,0.0,0.0,2008-02-14,GOCH,,2009-01-31 21:00:07,2009-01-31 21:00:07,2008,2
85,c:13389,0.0,0.0,1999-07-28,DSCM,,2009-02-09 02:19:25,2009-02-09 02:23:42,1999,7
86,c:16531,0.0,0.0,2005-01-01,LYV,,2009-02-10 16:45:46,2009-02-10 16:45:46,2005,1
87,c:21123,0.0,0.0,2009-04-02,CYOU,,2009-04-06 19:46:21,2009-04-06 19:46:21,2009,4
88,c:7618,0.0,0.0,2006-02-08,VG,,2009-04-14 20:27:21,2009-04-14 20:27:21,2006,2
89,c:6234,0.0,0.0,2007-05-08,PROJ,,2009-04-14 21:00:47,2009-04-14 21:00:47,2007,5
90,c:16282,0.0,0.0,2006-10-20,VRAZ,,2009-04-14 21:03:45,2009-04-14 21:03:45,2006,10
91,c:13642,0.0,0.0,2000-01-01,CTCH,,2009-04-29 20:03:03,2009-04-29 20:03:03,2000,1
92,c:17731,0.0,0.0,2006-09-29,NASDAQ:RVBD,,2009-05-11 05:24:58,2012-04-16 03:56:43,2006,9
93,c:14963,0.0,0.0,1999-03-07,NASDAQ:INFA,unLEmoncF,2009-05-12 19:48:35,2012-06-02 00:43:49,1999,3
94,c:13219,0.0,600000000.0,2007-03-01,NASDAQ:CLWR,,2009-05-26 19:59:48,2012-02-24 20:48:31,2007,3
95,c:4303,134000000.0,0.0,2010-11-02,GKNT,,2009-05-28 22:19:39,2010-11-03 17:52:03,2010,11
96,c:24746,5000000.0,0.0,2008-07-23,SOLR,,2009-06-15 21:06:33,2009-06-15 21:14:17,2008,7
97,c:24745,55000000.0,0.0,2008-05-08,RSOL,,2009-06-15 21:13:49,2009-06-15 21:13:49,2008,5
98,c:24773,0.0,0.0,2007-10-23,NASDAQ:LBAS,,2009-06-16 03:42:34,2013-10-07 13:19:25,2007,10
99,c:601,1050000000.0,0.0,2009-05-21,NASDAQ:OPEN,,2009-06-17 06:30:07,2012-02-11 20:40:49,2009,5
100,c:25013,95500000.0,0.0,2007-05-18,ENOC,,2009-06-19 19:07:03,2009-06-19 19:07:03,2007,5
103,c:25703,0.0,0.0,1991-01-01,NYSE:HAE,,2009-06-26 04:54:26,2012-05-01 04:28:39,1991,1
104,c:21287,0.0,0.0,1993-03-26,NASDAQ:MCHP,,2009-06-26 05:17:18,2012-04-13 03:37:22,1993,3
105,c:25706,300000000.0,0.0,2008-08-01,PVS,,2009-06-26 05:21:44,2009-06-26 05:21:44,2008,8
106,c:16612,0.0,0.0,1990-01-02,NASDAQ:MU,,2009-06-26 05:27:31,2012-04-11 03:59:17,1990,1
107,c:25714,0.0,0.0,1990-01-02,NASDAQ:SWKS,,2009-06-26 05:54:21,2012-04-10 04:08:20,1990,1
111,c:5663,0.0,0.0,1978-01-13,NYSE:GSK,,2009-06-26 22:07:13,2013-06-24 07:14:13,1978,1
113,c:25908,50000000.0,0.0,2008-05-14,GWRI,,2009-06-29 06:54:56,2009-06-29 06:54:56,2008,5
114,c:24852,0.0,0.0,2009-06-03,NASDAQ:ITRI,,2009-06-30 23:23:49,2012-05-28 02:36:46,2009,6
115,c:25597,0.0,0.0,2009-01-02,LOCM,,2009-07-01 18:18:23,2009-07-01 18:21:57,2009,1
116,c:15299,803000000.0,0.0,2009-05-20,SWI,,2009-07-01 20:21:42,2012-02-21 21:32:45,2009,5
117,c:11997,0.0,0.0,2009-05-12,DGI,,2009-07-01 20:28:11,2009-07-01 20:28:11,2009,5
118,c:24568,0.0,0.0,2009-06-25,MDSO,,2009-07-02 19:52:25,2009-07-02 19:52:25,2009,6
119,c:14159,0.0,0.0,2006-06-01,LOOP,,2009-07-03 03:31:16,2009-07-03 03:31:16,2006,6
120,c:4825,0.0,0.0,1994-09-23,NASDAQ:SIRI,,2009-07-06 17:31:56,2012-02-22 00:19:58,1994,9
122,c:14008,0.0,0.0,1996-02-02,NASDAQ:OTEX,,2009-07-06 19:29:29,2012-04-17 04:16:41,1996,2
124,c:823,0.0,0.0,1994-07-08,NYSE:NOK,,2009-07-24 17:18:21,2012-04-13 05:14:08,1994,7
125,c:28279,115000000.0,0.0,2009-04-15,RST,,2009-07-27 17:06:46,2009-09-08 20:35:07,2009,4
126,c:28357,0.0,0.0,1999-11-26,NYSE:A,,2009-07-28 20:41:23,2012-04-13 03:47:08,1999,11
127,c:355,0.0,0.0,1978-01-13,NYSE:HPQ,,2009-07-28 20:43:38,2012-04-12 03:59:20,1978,1
129,c:2602,0.0,0.0,1988-07-01,NASDAQ:DELL,,2009-08-10 04:06:11,2012-04-12 04:58:04,1988,7
130,c:29378,85000000.0,0.0,2009-08-11,CPIX,,2009-08-11 22:30:29,2009-08-11 22:30:29,2009,8
131,c:32127,108000000.0,0.0,2007-05-31,JAZZ,,2009-09-20 09:18:39,2009-09-20 09:20:37,2007,5
132,c:32164,69000000.0,0.0,2007-02-08,NGX-4010,,2009-09-21 11:49:35,2009-09-21 11:50:57,2007,2
134,c:32425,375000000.0,0.0,2008-05-09,NEPI,,2009-09-24 10:59:34,2009-09-24 10:59:34,2008,5
135,c:32436,288000000.0,0.0,2007-02-08,ARAY,,2009-09-24 12:05:53,2009-09-24 12:05:53,2007,2
136,c:32447,92000000.0,0.0,2007-11-07,BFRM,,2009-09-24 12:41:18,2009-09-24 12:43:12,2007,11
145,c:1663,380436764.0,0.0,2009-09-24,NASDAQ:AONE,,2009-09-25 00:23:09,2009-10-16 17:07:14,2009,9
147,c:28263,0.0,0.0,2000-02-25,NASDAQ:ISIL,,2009-09-25 01:09:16,2013-03-12 03:34:15,2000,2
151,c:26144,57600000.0,0.0,2009-08-05,CDCS,,2009-10-01 21:58:00,2009-10-16 19:19:52,2009,8
152,c:33412,0.0,0.0,2005-01-01,NASDAQ:THLD,,2009-10-07 22:56:42,2009-10-07 22:58:38,2005,1
153,c:33750,108750000.0,0.0,2009-10-08,MG,,2009-10-11 23:22:41,2009-10-16 19:14:07,2009,10
154,c:33751,68200000.0,0.0,2009-10-08,OMER,,2009-10-11 23:24:15,2009-10-16 19:14:33,2009,10
155,c:33752,79800000.0,0.0,2009-10-02,ECHO,,2009-10-11 23:26:25,2009-10-16 19:14:54,2009,10
156,c:25744,0.0,0.0,2006-01-01,NASDAQ:WAVE,,2009-10-12 19:12:24,2009-10-13 22:52:46,2006,1
164,c:26371,367350000.0,0.0,2009-08-12,EM,,2009-10-16 19:17:57,2009-10-16 19:17:57,2009,8
165,c:34079,1043750000.0,0.0,2009-09-25,NSDQ: GAME,,2009-10-16 19:20:55,2009-12-01 00:49:19,2009,9
166,c:34080,648000000.0,0.0,2009-08-14,NASDAQ:AVGO,,2009-10-16 19:22:15,2012-04-11 04:01:02,2009,8
167,c:14081,0.0,0.0,2009-07-01,NASDAQ:LOGM,,2009-10-16 20:24:36,2010-09-17 21:26:33,2009,7
168,c:34178,10200000.0,0.0,2009-07-30,NASDAQ:RCON,,2009-10-19 20:53:55,2009-10-19 20:53:55,2009,7
169,c:34181,106375000.0,0.0,2009-07-13,NASDAQ:TBNK,,2009-10-19 21:10:21,2009-10-19 21:10:21,2009,7
170,c:34190,98000000.0,0.0,2009-07-30,NASDAQ:GSM,,2009-10-19 21:48:26,2009-10-19 21:48:26,2009,7
171,c:34191,320000000.0,0.0,2009-07-30,NYSE:PMT,,2009-10-19 21:58:27,2009-10-19 21:58:27,2009,7
174,c:34617,0.0,0.0,2008-09-29,NASDAQ:CYDE,,2009-10-27 19:54:15,2013-10-03 10:05:10,2008,9
175,c:34674,0.0,0.0,2000-12-15,NASDAQ:GRMN,,2009-10-28 21:13:14,2012-04-16 03:15:41,2000,12
176,c:25118,0.0,0.0,2005-01-01,TOM2.AS,,2009-10-28 21:36:54,2009-10-28 21:36:54,2005,1
177,c:2823,0.0,0.0,1987-06-16,NYSE:EFX,,2009-11-03 02:37:09,2012-02-27 07:07:16,1987,6
182,c:35429,0.0,0.0,1978-01-13,NASDAQ:AMAT,,2009-11-10 06:18:26,2012-04-16 02:24:18,1978,1
183,c:31103,0.0,0.0,2000-01-01,NASDAQ:LIFE,,2009-11-11 00:44:47,2012-04-11 03:49:35,2000,1
192,c:26802,0.0,0.0,2000-08-08,NASDAQ:TSYS,,2009-11-17 05:28:48,2013-03-09 02:32:57,2000,8
195,c:36312,0.0,0.0,2006-04-18,OTC:VSUL,,2009-11-24 02:12:24,2013-10-28 05:25:48,2006,4
201,c:10614,30000000.0,0.0,2010-02-10,NYSE:INUV,,2009-11-30 04:33:12,2010-02-10 23:45:04,2010,2
209,c:35967,0.0,0.0,2009-12-03,BIT:YOOX,,2009-12-06 01:41:37,2009-12-06 01:41:37,2009,12
212,c:30039,1242000.0,156300000.0,2009-11-01,NASDAQ:FTNT,Fortinet IPO prices above range,2009-12-08 06:28:12,2012-08-23 19:12:58,2009,11
215,c:36983,0.0,33000000.0,1998-07-17,NASDAQ:BIRT,Company IPO Overview,2009-12-09 00:59:49,2012-06-25 22:28:35,1998,7
218,c:37366,10400000.0,0.0,2012-03-23,NASDAQ:GALT,"Galectin prices offering, expects $10.4M in proceeds",2009-12-11 06:49:47,2012-03-24 01:44:10,2012,3
225,c:14900,0.0,0.0,1997-05-23,NASDAQ:RMBS,,2009-12-15 06:59:21,2012-02-24 20:38:49,1997,5
233,c:37799,2300000000.0,0.0,2009-12-04,916:HK,,2009-12-17 05:11:39,2009-12-17 05:11:39,2009,12
248,c:38756,0.0,0.0,1996-07-08,CAMH,,2009-12-30 05:59:05,2013-09-04 06:17:40,1996,7
258,c:2680,0.0,0.0,1986-03-21,NASDAQ:ORCL,,2010-01-06 09:57:04,2012-04-12 04:13:53,1986,3
273,c:30504,0.0,0.0,2006-06-30,NYSE:SAI,,2010-01-15 02:37:18,2011-11-13 18:46:34,2006,6
280,c:40322,0.0,0.0,1990-01-02,NYSE:CACI,,2010-01-21 06:27:50,2013-10-09 13:42:03,1990,1
282,c:40453,108000000.0,0.0,2005-02-08,GRVY,,2010-01-23 01:58:50,2010-01-24 01:33:56,2005,2
283,c:7741,0.0,0.0,2007-01-01,GA,,2010-01-23 02:29:46,2010-01-24 01:40:53,2007,1
293,c:17933,0.0,0.0,2009-11-20,NASDAQ:ARCL,,2010-02-07 19:08:42,2010-02-08 19:22:54,2009,11
295,c:41914,0.0,0.0,1990-07-29,NASDAQ:VOXX,,2010-02-14 02:05:32,2011-11-12 23:29:27,1990,7
296,c:9580,44000000.0,0.0,2000-02-22,PNG,,2010-02-16 01:52:39,2010-02-16 02:14:17,2000,2
298,c:42009,0.0,0.0,1994-01-03,NASDAQ:QSII,,2010-02-16 03:17:53,2013-11-15 11:03:17,1994,1
300,c:21154,0.0,0.0,1999-04-26,NYSE:IRM,,2010-02-23 03:44:30,2013-08-29 05:02:31,1999,4
301,c:36845,1020000000.0,0.0,1998-01-01,DRIV,,2010-03-01 06:05:38,2010-03-01 06:21:34,1998,1
302,c:42425,0.0,0.0,2010-03-01,NASDAQ:ANTH,,2010-03-01 21:48:28,2010-03-01 21:52:44,2010,3
305,c:304,0.0,0.0,1978-01-13,NYSE:SNE,,2010-03-03 05:26:00,2012-04-13 03:48:24,1978,1
307,c:41805,0.0,0.0,2009-10-01,OTCBB:GCMI,,2010-03-08 19:49:59,2010-03-08 19:54:04,2009,10
310,c:10475,0.0,0.0,1990-01-02,NYSE:ABT,,2010-03-10 10:57:24,2013-10-28 03:07:54,1990,1
311,c:43666,0.0,0.0,2010-03-11,NYSE:ST,,2010-03-12 02:45:16,2012-04-11 04:37:43,2010,3
316,c:7650,0.0,0.0,1998-06-26,NYSE:DOX,,2010-03-24 04:52:43,2012-04-16 04:21:31,1998,6
317,c:30687,0.0,0.0,2010-03-01,NYSE:CALX,,2010-03-24 20:16:37,2010-03-24 20:16:55,2010,3
319,c:16192,66600000.0,0.0,2010-03-31,NASDAQ:MERU,,2010-03-31 21:23:55,2010-04-02 21:10:21,2010,3
320,c:26551,25000000.0,0.0,2010-03-31,EPS,,2010-03-31 21:58:11,2010-03-31 21:58:11,2010,3
323,c:18871,0.0,0.0,1998-12-25,NASDAQ:CNQR,,2010-04-08 16:59:05,2012-04-17 04:33:06,1998,12
324,c:46423,350000000.0,0.0,2010-04-16,Molycorp,,2010-04-24 03:48:11,2010-04-24 03:48:11,2010,4
325,c:31253,0.0,0.0,2010-04-29,NASDAQ:CNVO,,2010-04-29 22:20:26,2010-04-29 22:20:26,2010,4
327,c:47042,0.0,0.0,2000-03-08,NASDAQ:DTV,,2010-05-03 22:20:21,2011-11-13 18:44:55,2000,3
330,c:47590,0.0,0.0,2000-07-18,NASDAQ:ENDP,,2010-05-10 03:43:04,2013-03-02 00:27:47,2000,7
334,c:17205,0.0,0.0,2007-07-06,078340,,2010-05-24 01:44:42,2010-05-26 00:57:18,2007,7
338,c:15306,0.0,0.0,1990-06-22,NASDAQ:XLNX,,2010-06-08 01:24:58,2012-04-16 03:09:26,1990,6
342,c:8752,0.0,0.0,1998-06-26,NASDAQ:CTSH,,2010-06-18 02:16:00,2012-04-13 03:36:22,1998,6
343,c:49995,0.0,0.0,2000-07-06,NASDAQ:ARWR,,2010-06-18 04:51:54,2013-10-24 11:58:28,2000,7
344,c:5108,337000000.0,0.0,2010-05-13,TNAV,,2010-06-22 17:18:55,2010-06-23 05:13:08,2010,5
347,c:1249,11003200.0,0.0,2010-06-22,VRNG,,2010-06-25 23:12:39,2010-06-25 23:12:39,2010,6
349,c:1680,0.0,1000000000.0,2010-07-09,NASDAQ:TSLA,Tesla Has A Fresh $1 Billion  And Lots of Ways To Spend It,2010-06-30 21:43:16,2013-05-20 03:12:45,2010,7
350,c:4967,0.0,0.0,1999-07-01,NASDAQ:TIBX,,2010-07-01 20:36:58,2013-09-19 05:09:20,1999,7
351,c:36317,0.0,0.0,2010-02-03,NASDAQ:IRWD,,2010-07-02 16:56:50,2010-07-02 16:56:50,2010,2
352,c:3052,140000000.0,0.0,2010-01-11,NASDAQ:QNST,,2010-07-02 17:07:30,2010-07-20 01:43:04,2010,1
353,c:548,0.0,0.0,2010-05-19,NASDAQ:RLOC,,2010-07-02 17:27:38,2011-01-27 02:44:39,2010,5
354,c:37515,395822000.0,0.0,2010-06-18,NASDAQ:VLTC,,2010-07-02 17:37:34,2013-04-22 03:07:01,2010,6
356,c:3407,0.0,0.0,2010-06-25,NASDAQ:BSFT,,2010-07-02 20:02:34,2010-07-02 20:02:34,2010,6
357,c:45890,0.0,0.0,2010-06-29,NASDAQ:HSFT,,2010-07-02 20:05:37,2010-07-02 20:05:37,2010,6
358,c:50801,0.0,0.0,2010-05-14,NASDAQ:KONE,,2010-07-02 20:10:06,2010-07-02 20:10:06,2010,5
359,c:25187,0.0,0.0,2010-04-21,NASDAQ:ALIM,,2010-07-02 20:18:49,2010-07-02 20:18:49,2010,4
360,c:26544,0.0,0.0,2010-04-22,NASDAQ:DVOX,,2010-07-02 20:21:48,2010-07-02 20:21:48,2010,4
361,c:46074,0.0,0.0,2010-04-21,CDXS,,2010-07-02 20:22:37,2010-07-02 20:22:37,2010,4
362,c:43594,0.0,0.0,2010-04-09,NASDAQ:TNGN,,2010-07-02 20:23:53,2010-07-02 20:23:53,2010,4
363,c:50803,0.0,0.0,2010-04-01,NASDAQ:SPSC,,2010-07-02 20:28:57,2010-07-02 20:28:57,2010,4
364,c:28360,0.0,0.0,2010-03-11,AVEO,,2010-07-02 20:32:59,2010-07-02 20:32:59,2010,3
372,c:8530,1000000000.0,0.0,2010-07-16,QLIK,,2010-07-16 14:13:16,2011-12-20 11:01:28,2010,7
373,c:9054,0.0,0.0,2001-03-23,NYSE:SI,,2010-07-20 02:59:58,2012-04-12 04:18:30,2001,3
379,c:52209,0.0,0.0,2005-08-04,NASDAQ:CHTP,,2010-07-21 02:54:58,2013-11-19 06:24:41,2005,8
381,c:52213,0.0,0.0,2009-05-22,OTC:SNTI,,2010-07-21 03:31:24,2013-10-01 12:29:51,2009,5
390,c:29580,180000000.0,0.0,2010-08-12,RP,,2010-08-13 00:13:42,2010-08-13 00:13:42,2010,8
393,c:35247,0.0,0.0,2010-07-22,GDOT,,2010-08-13 21:18:04,2010-08-13 21:18:18,2010,7
394,c:33792,139000000.0,0.0,2007-03-15,NASDAQ: BBND,,2010-08-17 00:29:58,2010-08-17 00:29:58,2007,3
395,c:54506,0.0,0.0,2007-11-16,NYSE:PAR,,2010-08-17 02:04:38,2011-07-23 22:13:16,2007,11
396,c:28250,0.0,0.0,2007-08-01,NASDAQ:MELI,,2010-08-18 22:34:48,2010-08-18 22:34:48,2007,8
402,c:30538,642200000.0,0.0,2010-08-06,IL,,2010-08-28 15:16:33,2010-08-30 19:46:52,2010,8
403,c:54217,0.0,0.0,2010-05-01,RVUE,,2010-08-29 19:51:53,2010-08-30 22:08:35,2010,5
406,c:5990,0.0,957000000.0,2007-08-14,NYSE:VMW,VMware Raises $957M in IPO,2010-09-06 07:05:11,2013-08-26 10:19:18,2007,8
409,c:55987,0.0,10000000.0,2013-05-30,NASDAQ:ONTY,"Oncothyreon Nabs $10M, Pays $10M, For Array Biopharma Cancer Drug",2010-09-07 02:21:50,2013-05-31 06:52:55,2013,5
420,c:29567,0.0,0.0,1986-10-03,NASDAQ:FISV,,2010-09-15 06:15:40,2012-04-16 03:14:29,1986,10
430,c:25248,0.0,0.0,1994-01-03,NASDAQ:FLIR,,2010-10-05 02:29:00,2012-04-10 04:09:37,1994,1
434,c:58207,0.0,0.0,1990-01-02,NYSE:ARW,,2010-10-06 05:51:31,2013-10-29 03:19:19,1990,1
441,c:9636,117900.0,0.0,2005-02-16,1254,,2010-10-08 14:45:26,2010-11-02 15:13:31,2005,2
444,c:26973,275000000.0,0.0,2010-09-16,ELT,,2010-10-13 12:33:31,2010-10-13 12:33:31,2010,9
451,c:25020,0.0,0.0,1990-07-27,NASDAQ:TRMB,,2010-10-27 02:21:58,2012-04-16 03:47:09,1990,7
454,c:60142,0.0,0.0,2010-10-25,SLTD,,2010-10-27 11:10:35,2010-10-27 11:10:35,2010,10
467,c:590,0.0,0.0,1999-11-26,NYSE:T,,2010-11-18 09:29:47,2010-11-18 09:29:47,1999,11
468,c:1197,0.0,0.0,1985-04-26,NYSE:BBY,,2010-11-18 10:48:34,2012-04-16 03:43:25,1985,4
472,c:5744,0.0,0.0,2001-07-27,NYSE:ACN,,2010-11-22 04:47:15,2012-04-12 03:54:56,2001,7
474,c:8750,0.0,0.0,1999-07-02,NYSE:JNPR,,2010-11-22 05:06:08,2012-04-16 02:50:28,1999,7
485,c:350,0.0,0.0,1993-03-04,NASDAQ:IACI,,2010-12-01 12:27:52,2012-11-05 21:34:54,1993,3
486,c:24597,0.0,0.0,2007-07-18,DHX,,2010-12-06 04:26:01,2010-12-06 04:26:01,2007,7
489,c:1448,0.0,0.0,2010-12-08,NYSE:YOKU,,2010-12-08 17:27:30,2010-12-08 17:28:33,2010,12
493,c:42276,0.0,0.0,2012-05-21,NYSE:LYV,,2010-12-11 12:10:47,2013-11-13 04:05:59,2012,5
516,c:64964,79000000.0,0.0,2010-12-09,LEDS,,2010-12-28 01:21:54,2010-12-28 01:21:54,2010,12
520,c:65949,0.0,115000000.0,2013-05-21,NASDAQ:ACAD,Acadia raises $115 million,2011-01-12 04:20:51,2013-05-22 05:11:30,2013,5
540,c:541,1600000000.0,0.0,2011-01-26,NYSE:NLSN,,2011-01-27 09:08:41,2013-10-01 02:58:21,2011,1
546,c:8249,0.0,0.0,2011-02-02,NASDAQ:EPOC,,2011-02-02 16:06:55,2013-01-08 12:55:30,2011,2
554,c:68733,0.0,0.0,1990-03-26,NASDAQ:SYMM,,2011-02-15 06:40:36,2013-10-22 04:53:11,1990,3
568,c:66768,0.0,0.0,2005-09-09,OTCBB:APWR,,2011-03-09 05:15:21,2013-12-11 10:04:25,2005,9
569,c:17274,245000000.0,0.0,2011-02-14,NASDAQ:DMAN,,2011-03-10 05:13:13,2011-10-29 21:26:53,2011,2
571,c:1727,0.0,0.0,1995-12-01,NASDAQ:NTAP,,2011-03-10 05:57:35,2012-04-16 02:39:13,1995,12
580,c:20129,900000000.0,0.0,2011-07-05,CSOD,,2011-03-25 19:52:25,2011-07-06 17:35:24,2011,7
583,c:72249,0.0,0.0,1997-03-06,NASDAQ:EMKR,,2011-03-29 04:40:59,2013-10-03 07:03:58,1997,3
587,c:4304,0.0,0.0,1978-01-13,NASDAQ:TXN,,2011-04-05 05:14:19,2012-04-12 04:56:34,1978,1
592,c:73629,0.0,0.0,2007-01-23,NASDAQ:AVAV,,2011-04-13 03:13:43,2013-10-02 13:35:33,2007,1
599,c:9379,0.0,0.0,2003-12-01,NASDAQ:TZOO,,2011-05-06 05:33:36,2011-11-13 18:40:54,2003,12
602,c:5622,0.0,0.0,2011-05-24,NASDAQ:YNDX,,2011-05-10 03:19:29,2012-04-11 04:40:59,2011,5
604,c:176,9310000000.0,352800000.0,2011-07-20,NYSE:LNKD,LinkedIn: Biggest Internet IPO Since Google,2011-05-20 15:49:02,2013-12-10 22:14:38,2011,7
605,c:50953,0.0,0.0,2004-02-27,NASDAQ:ACCL,,2011-05-24 02:10:08,2013-12-10 06:23:25,2004,2
612,c:161,1641000000.0,0.0,2011-12-28,NYSE:P,,2011-06-15 01:39:01,2013-10-21 21:00:48,2011,12
615,c:2312,3000000000.0,216000000.0,2011-06-29,NASDAQ:AWAY,http://blogs.wsj.com/venturecapital/2011/06/28/homeaway-ipo-prices-at-27share-valued-at-2-2b/,2011-06-17 03:50:30,2012-03-14 01:59:48,2011,6
619,c:8661,0.0,0.0,1999-06-04,NASDAQ:BRCD,,2011-06-24 04:58:04,2012-02-24 23:09:13,1999,6
622,c:26050,0.0,0.0,1981-12-18,NASDAQ:CA,,2011-06-30 02:56:49,2012-04-16 02:43:13,1981,12
630,c:5473,0.0,0.0,1995-12-22,NASDAQ:NUAN,,2011-07-15 02:35:19,2012-04-16 03:46:04,1995,12
632,c:959,2550000000.0,205000000.0,2011-07-19,NASDAQ:Z,Zillow raises $205M in public offering,2011-07-16 02:56:20,2013-11-22 23:56:34,2011,7
634,c:60788,0.0,0.0,1999-08-01,9449,,2011-07-19 03:04:35,2011-07-19 20:04:12,1999,8
636,c:68222,0.0,0.0,2003-09-29,NASDAQ:MSPD,,2011-07-26 02:05:38,2013-11-06 04:23:28,2003,9
637,c:13246,0.0,0.0,2006-11-24,NASDAQ:FSLR,,2011-07-26 03:15:45,2013-06-19 17:24:44,2006,11
638,c:581,0.0,0.0,2007-07-20,OWW,,2011-07-27 22:02:43,2011-07-27 22:02:56,2007,7
639,c:37739,0.0,0.0,2011-07-28,NASDAQ:HZNP,,2011-07-29 04:05:02,2011-07-29 04:05:15,2011,7
640,c:528,0.0,0.0,2007-11-06,HKSE:1688.HK,,2011-08-01 01:56:26,2011-08-01 01:56:26,2007,11
644,c:49256,0.0,0.0,1996-06-28,NASDAQ:ANSS,,2011-08-02 06:23:26,2012-04-16 04:02:53,1996,6
656,c:17066,0.0,0.0,2008-03-18,NYSE:V,,2011-08-20 01:17:22,2011-08-20 01:17:22,2008,3
657,c:3104,0.0,0.0,2011-05-12,FFN,,2011-08-22 01:18:50,2012-02-20 03:31:42,2011,5
662,c:3245,0.0,0.0,1998-08-03,NYSE:SAP,,2011-09-07 03:18:06,2012-04-12 03:57:31,1998,8
667,c:59377,0.0,0.0,2003-07-02,NASDAQ:BRKR,,2011-09-15 01:53:07,2012-04-10 04:13:58,2003,7
669,c:23927,0.0,0.0,1988-04-08,NASDAQ:ALTR,,2011-09-15 02:29:49,2012-04-16 02:49:37,1988,4
670,c:117380,0.0,743400000.0,2011-05-13,NYSE:RENN,Renren Surges on First Day of Trading With Price-to-Sales Beating Facebook,2011-09-27 04:33:15,2013-12-02 19:05:56,2011,5
682,c:33777,0.0,0.0,1991-08-02,NASDAQ:VRTX,,2011-11-05 02:59:27,2012-02-24 22:20:43,1991,8
684,c:11391,12800000000.0,0.0,2011-11-07,NASDAQ:GRPN,Groupon spikes 31% in IPO,2011-11-23 01:36:32,2013-08-26 10:10:14,2011,11
686,c:21370,0.0,0.0,2008-12-08,NYSE:FIO,,2011-11-29 16:52:32,2013-12-11 11:52:29,2008,12
688,c:757,1000000000.0,0.0,2012-02-03,NASDAQ:JIVE,,2011-12-13 04:32:54,2012-02-07 06:27:21,2012,2
690,c:15850,0.0,0.0,1985-09-27,NYSE:HON,,2011-12-20 04:56:44,2012-04-12 04:01:38,1985,9
692,c:30525,0.0,0.0,2000-04-28,NASDAQ:ONNN,,2011-12-24 02:17:42,2012-04-10 04:17:21,2000,4
693,c:24595,0.0,0.0,2009-07-01,TYO:2193,,2012-01-03 12:23:08,2012-01-07 00:41:01,2009,7
694,c:145411,80000000.0,0.0,2011-12-27,QPON,,2012-01-07 19:31:39,2012-01-09 23:32:44,2011,12
695,c:48671,0.0,0.0,2008-11-17,NYSE:BSY,,2012-01-09 03:48:06,2013-11-18 07:06:30,2008,11
699,c:149051,0.0,0.0,1984-05-11,NASDAQ:LRCX,,2012-02-10 03:11:21,2012-04-16 04:24:03,1984,5
700,c:9931,0.0,0.0,2011-06-09,NASDAQ:PKT,,2012-02-14 01:57:52,2012-02-14 01:57:52,2011,6
701,c:325,290000000.0,0.0,2012-02-17,NASDAQ:BCOV,,2012-02-18 02:24:07,2012-02-18 02:24:51,2012,2
702,c:1812,0.0,0.0,2011-12-19,NASDAQ:ZNGA,,2012-02-20 09:58:15,2012-02-20 09:58:15,2011,12
703,c:32778,0.0,0.0,2011-03-29,PINK:CRXLY,,2012-02-21 01:42:59,2012-02-21 01:42:59,2011,3
704,c:26025,0.0,223300000.0,2010-10-15,HKG:2468,Trony Solar Raises US$223.3 Million In Hong Kong IPO - Source,2012-02-21 02:52:34,2012-02-24 19:59:27,2010,10
705,c:20712,0.0,0.0,2012-02-02,NYSE:AVG,,2012-02-21 21:36:15,2012-02-21 21:36:15,2012,2
709,c:113,1300000000.0,107000000.0,2012-03-02,NYSE:YELP,Yelp Shares Pop Over 60 Percent In In First Day Of Trading; Valued At $1.3 Billion,2012-03-03 02:19:08,2012-03-03 02:24:44,2012,3
710,c:151699,0.0,93000000.0,2006-09-07,NASDAQ:IPGP,IPG Photonics files for public share offering,2012-03-12 04:48:44,2012-03-12 04:48:44,2006,9
711,c:36071,0.0,0.0,2000-12-29,EPA:COX,,2012-03-14 00:22:59,2012-03-14 00:22:59,2000,12
712,c:24982,0.0,130000000.0,2011-11-16,NASDAQ:CLVS,Clovis Oncology Raises $130 Million in IPO,2012-03-14 00:30:51,2012-03-14 00:30:51,2011,11
713,c:7060,0.0,0.0,2012-01-01,NYSE:XRX,Xerox Raises $1.1 Billion Through Senior Notes Offering,2012-03-16 02:18:42,2012-03-16 02:18:42,2012,1
714,c:12388,0.0,0.0,1978-01-13,NYSE:GLW,,2012-03-19 06:42:16,2012-04-13 03:34:33,1978,1
715,c:32951,0.0,0.0,2005-03-11,NYSE:PAY,,2012-03-20 03:36:27,2012-04-16 03:52:11,2005,3
717,c:12178,0.0,0.0,2012-03-22,NYSE:ET,ExactTarget Celebrates Initial Public Offering and First Day of Trading on the New York Stock Exchange,2012-03-23 01:59:39,2012-03-23 01:59:39,2012,3
718,c:6314,1000000000.0,0.0,2011-04-22,NASDAQ:BRSE,BrightSource Energy of Oakland sets IPO plan,2012-03-23 02:07:24,2012-03-23 02:12:12,2011,4
719,c:48759,86250000.0,0.0,2012-03-23,NASDAQ:TSRO,Oncology Biopharma TESARO (TSRO) Files $86.25M IPO,2012-03-24 02:02:06,2012-03-24 02:02:06,2012,3
720,c:23283,973500000.0,0.0,2012-03-28,NYSE:MM,Mobile Ad Network Millennial Media Prices IPO At $13 Per Share,2012-03-29 03:04:22,2012-03-29 03:04:22,2012,3
721,c:17773,0.0,0.0,2012-03-27,NYSE:VCRA,Vocera Announces Pricing of Initial Public Offering,2012-03-29 04:29:34,2012-03-29 04:29:34,2012,3
723,c:163,0.0,0.0,2012-03-29,PRSS,CNN,2012-03-29 20:57:18,2012-04-02 07:12:55,2012,3
724,c:61220,0.0,0.0,2012-03-29,NASDAQ:MACK,Merrimack Pharmaceuticals' stock drops post-IPO,2012-03-30 02:47:21,2012-03-30 02:48:27,2012,3
725,c:28396,0.0,0.0,2012-03-30,NASDAQ:ENPH,Enphase Energy Prices Initial Public Offering,2012-04-03 03:21:45,2012-04-03 03:21:45,2012,3
730,c:34406,0.0,0.0,1978-01-13,NYSE:CAJ,,2012-04-10 03:45:11,2012-04-12 04:22:36,1978,1
731,c:6277,0.0,0.0,1998-09-15,NYSE:IT,,2012-04-10 04:03:40,2012-04-10 04:04:32,1998,9
732,c:42408,0.0,0.0,1992-02-26,NASDAQ:SNPS,,2012-04-10 04:05:28,2012-04-10 04:06:08,1992,2
733,c:26940,0.0,0.0,1991-08-15,NASDAQ:ZBRA,,2012-04-10 04:18:12,2012-04-10 04:18:52,1991,8
734,c:46022,0.0,0.0,1990-01-02,NYSE:CBE,,2012-04-11 03:50:46,2012-04-11 03:51:25,1990,1
735,c:154614,0.0,0.0,1991-11-15,NYSE:APH,,2012-04-11 03:57:56,2012-04-11 03:57:56,1991,11
736,c:50937,0.0,0.0,1994-01-03,NASDAQ:MXIM,,2012-04-11 04:38:23,2012-04-11 04:39:01,1994,1
737,c:27437,0.0,0.0,2002-01-02,NASDAQ:NTES,,2012-04-11 04:41:56,2012-04-11 04:42:34,2002,1
738,c:7499,0.0,0.0,1986-12-12,NASDAQ:CERN,,2012-04-11 04:46:13,2012-04-11 04:46:13,1986,12
739,c:7563,0.0,0.0,1999-08-20,NYSE:RHT,,2012-04-11 04:57:00,2012-04-11 04:57:00,1999,8
740,c:29208,0.0,0.0,1990-01-02,NYSE:IEX,,2012-04-12 03:03:18,2012-04-12 03:03:54,1990,1
741,c:10222,0.0,0.0,1978-01-13,NYSE:HIT,,2012-04-12 04:27:30,2012-04-12 04:27:30,1978,1
742,c:144717,0.0,0.0,1978-01-13,NYSE:EMR,,2012-04-12 04:45:30,2012-04-12 04:45:30,1978,1
743,c:47461,0.0,0.0,2001-04-12,NYSE:ABB,hFzlqGkgbGQojXo,2012-04-12 04:47:46,2012-07-28 10:01:46,2001,4
744,c:8759,0.0,0.0,1994-11-18,NYSE:MCK,,2012-04-12 04:49:54,2012-04-12 04:49:54,1994,11
745,c:32537,0.0,0.0,1979-01-05,NYSE:DHR,,2012-04-12 04:52:01,2012-04-12 04:52:01,1979,1
746,c:28787,0.0,0.0,1978-01-13,NYSE:TYC,,2012-04-13 03:38:56,2012-04-13 03:38:56,1978,1
747,c:40133,0.0,0.0,1998-06-12,NYSE:AMT,,2012-04-13 03:43:14,2012-04-13 03:43:14,1998,6
748,c:18507,0.0,0.0,2000-10-27,NYSE:WIT,,2012-04-13 03:45:56,2012-04-13 03:45:56,2000,10
749,c:59312,0.0,0.0,1978-01-13,NYSE:ETN,,2012-04-13 03:53:21,2012-04-13 03:53:21,1978,1
750,c:56346,0.0,0.0,1998-04-24,NASDAQ:ARMH,,2012-04-13 03:54:30,2012-04-13 03:54:30,1998,4
751,c:17124,0.0,0.0,1998-04-24,NASDAQ:BRCM,,2012-04-13 04:24:12,2012-04-13 04:24:12,1998,4
752,c:44982,0.0,0.0,1978-01-13,NYSE:KYO,,2012-04-13 04:25:47,2012-04-13 04:25:47,1978,1
753,c:17218,0.0,0.0,1995-12-15,NASDAQ:CTXS,,2012-04-13 05:12:00,2012-04-13 05:12:00,1995,12
754,c:28874,0.0,0.0,1992-02-21,NYSE:ROP,,2012-04-16 02:25:45,2012-04-16 02:25:45,1992,2
755,c:53338,0.0,0.0,1978-01-13,NYSE:AME,,2012-04-16 02:28:49,2012-04-16 02:28:49,1978,1
757,c:7320,0.0,0.0,2002-12-20,NASDAQ:STX,,2012-04-16 02:46:44,2012-04-16 02:46:44,2002,12
758,c:25106,0.0,0.0,2007-10-05,NYSE:TDC,,2012-04-16 02:53:46,2012-04-16 02:53:46,2007,10
761,c:11082,0.0,0.0,1999-06-18,NASDAQ:FFIV,,2012-04-16 03:00:02,2012-04-16 03:00:02,1999,6
762,c:13405,0.0,0.0,1980-10-17,NASDAQ:KLAC,,2012-04-16 03:37:29,2012-04-16 03:37:29,1980,10
763,c:46364,0.0,0.0,2000-04-04,NASDAQ:ILMN,,2012-04-16 03:50:55,2012-04-16 03:50:55,2000,4
764,c:19916,0.0,0.0,1994-12-16,NYSE:STM,,2012-04-16 04:00:04,2012-04-16 04:00:04,1994,12
765,c:64053,0.0,0.0,2010-08-13,NASDAQ:NXPI,,2012-04-16 04:04:33,2012-04-16 04:04:33,2010,8
766,c:39921,0.0,0.0,2000-09-29,NYSE:UMC,,2012-04-16 04:06:40,2012-04-16 04:06:40,2000,9
767,c:28823,0.0,0.0,1996-12-20,NYSE:NCR,,2012-04-16 04:17:33,2012-04-16 04:17:33,1996,12
769,c:18127,0.0,0.0,1987-06-19,NASDAQ:CDNS,,2012-04-17 04:11:12,2012-04-17 04:11:12,1987,6
770,c:26971,0.0,0.0,2011-05-27,NYSE:FSL,,2012-04-17 04:14:26,2012-04-17 04:14:26,2011,5
771,c:82672,0.0,0.0,2011-10-17,NASDAQ:UBNT,,2012-04-17 04:21:31,2012-04-17 04:21:31,2011,10
772,c:155390,0.0,0.0,1988-08-19,NASDAQ:NVLS,,2012-04-17 04:25:20,2012-04-17 04:25:20,1988,8
773,c:20971,0.0,0.0,1986-11-21,NYSE:HAR,,2012-04-17 04:36:25,2012-04-17 04:36:25,1986,11
775,c:18028,0.0,0.0,2011-04-08,NYSE:QIHU,,2012-04-17 04:45:29,2012-04-17 04:45:29,2011,4
778,c:1434,0.0,230000000.0,2012-04-19,NASDAQ:SPLK,,2012-04-20 03:11:56,2013-12-11 04:03:56,2012,4
779,c:25907,0.0,0.0,2012-09-04,NQ,,2012-04-27 04:02:57,2012-11-17 02:05:26,2012,9
780,c:23756,0.0,174300000.0,2011-04-13,NASDAQ:ZIP,,2012-04-28 19:18:53,2012-05-01 09:57:23,2011,4
782,c:1705,3273770000.0,0.0,2011-12-21,TRIP,AP,2012-05-15 05:11:55,2012-10-29 23:03:57,2011,12
784,c:5,104000000000.0,18400000000.0,2012-05-18,NASDAQ:FB,Facebook Prices IPO at Record Value,2012-05-19 01:19:41,2013-11-21 19:40:55,2012,5
796,c:37740,0.0,0.0,2007-07-25,NASDAQ:OREX,Biospace,2012-07-10 14:17:26,2013-12-10 07:14:18,2007,7
797,c:33497,0.0,0.0,2012-02-29,NYSE AMEX: YMI; TSX:YM,IPO News Today,2012-07-10 19:58:29,2012-07-10 20:56:38,2012,2
798,c:16178,0.0,0.0,2008-02-01,Nasdaq:ARST,,2012-07-10 23:30:18,2012-07-10 23:30:18,2008,2
799,c:17482,0.0,0.0,2007-11-01,NASDAQ: SDBT,Northeast Venture Capital,2012-07-11 15:23:21,2012-07-11 18:24:31,2007,11
802,c:1645,0.0,0.0,2012-08-01,NASDAQ:KYAK,,2012-07-21 02:45:17,2012-12-04 19:56:39,2012,8
804,c:169317,0.0,0.0,2011-02-01,NASDAQ:TRNX,,2012-08-25 06:16:40,2012-08-25 06:16:40,2011,2
806,c:3626,824000000.0,120000000.0,2012-04-20,NYSE:BLOX,,2012-09-27 16:58:54,2013-12-02 19:40:34,2012,4
807,c:84340,0.0,0.0,2000-07-11,NYSE:TKC,,2012-10-24 15:58:28,2012-10-24 15:58:28,2000,7
808,c:1942,0.0,0.0,2005-07-29,NASDAQ:EXPE,,2012-10-29 23:25:32,2012-10-29 23:25:32,2005,7
809,c:13529,0.0,0.0,1996-04-12,NASDAQ:SAPE,,2012-11-17 03:27:07,2013-08-27 04:09:49,1996,4
811,c:179214,0.0,0.0,2002-07-26,Nasdaq:BDSI,,2012-12-03 06:40:32,2012-12-03 06:41:54,2002,7
813,c:5037,0.0,0.0,2006-02-14,NYSE Amex: LOV,"Spark Networks Information, News and Statistics",2013-01-12 05:09:48,2013-01-12 05:09:48,2006,2
814,c:7945,0.0,0.0,2000-01-01,NYSE: AMD,,2013-01-14 21:07:29,2013-11-13 05:22:10,2000,1
815,c:186299,0.0,0.0,1995-07-09,NYSE:PT,,2013-02-04 19:11:57,2013-02-04 19:11:57,1995,7
816,c:3669,0.0,40000000.0,2005-07-08,AIM: BGO,,2013-02-08 23:00:13,2013-06-07 16:55:24,2005,7
817,c:189859,0.0,0.0,2007-11-16,EBR:ABLX,,2013-03-04 02:35:39,2013-12-11 10:15:18,2007,11
818,c:31008,0.0,0.0,2004-08-20,NYSE:NYX,,2013-03-04 03:07:34,2013-03-04 03:07:34,2004,8
819,c:17862,0.0,0.0,1994-01-03,NYSE:CVC,,2013-03-12 03:20:07,2013-03-12 03:21:25,1994,1
820,c:15832,0.0,81000000.0,2013-03-13,NYSE:SSNI,Silver Spring Raises $81M in IPO,2013-03-14 00:11:23,2013-03-18 19:24:38,2013,3
822,c:192434,0.0,0.0,2002-11-22,NYSE:CHA,,2013-03-21 17:48:46,2013-03-21 17:48:46,2002,11
823,c:47834,0.0,170000000.0,2013-03-14,ASX:MSB,MESOBLAST COMPLETES A$170M PRIVATE PLACEMENT,2013-03-27 02:38:34,2013-03-27 02:38:34,2013,3
825,c:137890,0.0,56000000.0,2013-03-21,NASDAQ:ENTA,,2013-03-29 07:13:22,2013-03-29 07:15:57,2013,3
826,c:47906,0.0,0.0,2012-10-01,NASDAQ:AMBA,,2013-04-02 07:28:32,2013-04-02 07:28:32,2012,10
827,c:4004,0.0,105000000.0,2013-03-22,NYSE:MRIN,"Ad-Tech Specialist Marin Software Raises $105M In IPO As Shares Pop 40%, But Now Under $18",2013-04-02 11:18:19,2013-04-02 11:18:19,2013,3
828,c:193887,0.0,0.0,2009-12-23,TSX-V:VZX,VUZIX COMPLETES INITIAL PUBLIC OFFERING,2013-04-04 07:15:01,2013-04-04 07:15:01,2009,12
829,c:3739,465000000.0,79000000.0,2013-04-02,NASDAQ:MKTO,Marketo Files For $75M IPO To Grow SaaS Marketing Platform,2013-04-06 07:14:50,2013-05-17 04:01:45,2013,4
831,c:6306,315000000.0,84000000.0,2013-04-12,RALY,"Enterprise Specialist Rally Software Raises $84M In IPO As Shares Pop 28%, Now Trading At $18",2013-04-12 20:25:35,2013-04-12 20:25:42,2013,4
832,c:203897,0.0,0.0,1983-10-14,OTC:COPY,,2013-05-01 15:57:11,2013-11-13 10:54:18,1983,10
834,c:235,0.0,0.0,2012-03-02,NASDAQ:BV,,2013-05-06 18:34:35,2013-05-06 18:34:35,2012,3
835,c:181418,0.0,0.0,2010-12-15,CDON,Börsnotering i CDON Group AB,2013-05-11 13:33:17,2013-05-13 07:17:26,2010,12
836,c:48911,0.0,0.0,1999-01-01,RSOF,,2013-05-11 13:36:40,2013-05-13 07:17:34,1999,1
837,c:14839,0.0,254000000.0,2013-05-16,NYSE:DATA,Tableau Software To Open Trading On The NYSE At $31 Per Share With Market Symbol DATA,2013-05-17 03:06:05,2013-05-20 07:28:27,2013,5
839,c:24834,0.0,54000000.0,2013-06-25,NASDAQ:NSTG,NanoString Technologies prices IPO shares at $10,2013-05-21 04:36:44,2013-07-18 18:00:29,2013,6
840,c:213354,0.0,0.0,2013-04-03,NYSE:ACT,,2013-05-21 05:13:57,2013-10-04 02:49:03,2013,4
843,c:213383,0.0,40300000.0,2013-05-20,NASDAQ:RMTI,Rockwell Medical Closes $40.3 Million Public Offering of Common Stock,2013-05-21 05:50:06,2013-05-21 05:50:06,2013,5
844,c:66694,30000000.0,3880000.0,2013-05-21,QXT.L,Quixant joins AIM,2013-05-21 10:23:43,2013-05-22 03:17:04,2013,5
847,c:214629,0.0,25000000.0,2013-05-21,NASDAQ:ADHD,ADHD co Alcobra raises $25m on Nasdaq,2013-05-23 07:13:34,2013-05-23 07:13:34,2013,5
848,c:624,287000000.0,81000000.0,2013-05-23,NYSE:ECOM,ChannelAdvisor Corp (ECOM) Shares Soar In IPO Debut,2013-05-24 04:14:33,2013-05-24 04:14:33,2013,5
849,c:215136,232000000.0,77000000.0,2013-05-22,NYSE:BRSS,"GLOBAL BRASS AND COPPER HOLDINGS, INC. ANNOUNCES PRICING OF INITIAL PUBLIC OFFERING",2013-05-24 04:27:33,2013-05-24 04:27:33,2013,5
850,c:104377,0.0,75000000.0,2013-06-27,NYSE:TRMR,"Tremor Videos stock falls after IPO, Silvercrest soars",2013-05-24 05:04:39,2013-07-18 18:03:13,2013,6
851,c:140259,0.0,100000000.0,2013-05-07,NASDAQ:PTLA,Portola Pharmaceuticals sets terms for $100 million IPO,2013-05-24 05:59:25,2013-05-24 05:59:25,2013,5
852,c:65680,223000000.0,51000000.0,2013-05-23,NASDAQ:PETX,Pet medication developer Aratana Therapeutics sets terms for $51 million IPO,2013-05-24 06:14:54,2013-05-24 06:14:54,2013,5
853,c:47372,0.0,65000000.0,2007-12-12,NYSE: VIT,VanceInfo Technologies Inc. Celebrates IPO on NYSE,2013-05-26 04:33:03,2013-11-13 19:30:03,2007,12
854,c:216850,1100000000.0,333000000.0,2013-05-22,NYSE:CSTM,Constellium Announces Pricing of Initial Public Offering,2013-05-27 06:47:49,2013-05-27 06:49:47,2013,5
855,c:215167,0.0,0.0,2011-05-27,LON:GLEN,,2013-05-28 16:25:23,2013-05-28 16:25:23,2011,5
857,c:219194,0.0,23000000.0,2013-05-30,NASDAQ:EVOK,San Diego biotech files $23M IPO for gastroparesis PhIII,2013-05-31 06:01:27,2013-05-31 06:01:27,2013,5
858,c:86009,0.0,0.0,2008-07-01,Nasdaq:GTAT,,2013-06-03 16:41:18,2013-06-03 16:41:18,2008,7
859,c:139880,0.0,0.0,2003-06-10,NYSE:KT,,2013-06-03 18:50:19,2013-06-03 18:50:19,2003,6
860,c:221142,0.0,51600000.0,2013-05-31,NASDAQ:NDAQ,NASDAQ Welcomes Kamada Ltd. [KMDA] to The NASDAQ Stock Market,2013-06-04 11:50:43,2013-06-04 11:53:53,2013,5
861,c:47257,0.0,57300000.0,2013-06-04,NASDAQ:ICEL,Cellular Dynamics Files for IPO Targeting $57.3M,2013-06-05 05:29:39,2013-06-05 05:29:39,2013,6
862,c:56800,0.0,0.0,2010-11-05,OTCBB:NVIV,InVivo Therapeutics goes public,2013-06-05 19:20:43,2013-06-05 19:21:55,2010,11
863,c:222259,0.0,345000000.0,2013-06-05,NYSE:ATHL,Apollo-backed Athlon Energy files for IPO of up to $345 mln,2013-06-06 10:14:56,2013-06-06 10:14:56,2013,6
864,c:36788,322000000.0,125000000.0,2013-06-20,NASDAQ:PTCT,PTC Therapeutics IPO Raises $125M Despite Checkered Past,2013-06-06 10:19:10,2013-06-21 02:55:56,2013,6
865,c:10795,0.0,0.0,2013-06-06,OTC:FNJN,"Finjan Holdings Announces Stock Ticker Symbol Change To ""FNJN""",2013-06-06 15:06:45,2013-06-07 03:32:59,2013,6
866,c:62886,0.0,79000000.0,2013-06-06,NYSE:LITB,LightInTheBox Raises $79M in U.S. IPO,2013-06-07 03:28:38,2013-06-07 03:28:38,2013,6
867,c:171885,0.0,15000000.0,2013-06-06,OTC:CGIX,Cancer Genetics Files for $15M Stock Offering,2013-06-07 07:02:22,2013-06-07 07:02:22,2013,6
869,c:65984,0.0,0.0,1990-01-01,NYSE:TFX,,2013-06-07 10:19:49,2013-10-31 03:01:18,1990,1
870,c:72361,314000000.0,75000000.0,2013-06-07,NYSE:TXTR,Textura Corporation Prices Initial Public Offering,2013-06-08 04:36:27,2013-06-08 04:36:27,2013,6
871,c:37431,0.0,0.0,2012-02-17,OTC:TNTY,,2013-06-10 03:05:55,2013-06-10 03:06:45,2012,2
872,c:3526,0.0,0.0,2011-04-21,MKTG,Responsys Announces Pricing of Initial Public Offering,2013-06-10 21:50:10,2013-06-10 23:33:04,2011,4
873,c:179475,0.0,0.0,2009-06-23,MAHH.BO,Mahindra Holidays IPO,2013-06-11 09:00:30,2013-06-11 17:09:31,2009,6
874,c:38752,0.0,86000000.0,2013-06-10,NASDAQ:AGIO,Agios Pharmaceuticals files for IPO of up to $86 million,2013-06-11 11:54:23,2013-06-11 11:54:23,2013,6
876,c:44687,0.0,128250000.0,2013-06-11,NYSE:GIMO,"Gigamon IPO brings in $128.25M, prices at mid-range",2013-06-12 10:19:18,2013-08-12 18:08:53,2013,6
877,c:225119,0.0,0.0,2005-06-23,NASDAQ:GAIN,,2013-06-13 09:34:02,2013-10-04 04:06:55,2005,6
878,c:67218,0.0,1000000000.0,2013-06-13,NYSE:COTY,Private equity-backed Coty raises $1bn via IPO,2013-06-13 10:44:24,2013-06-13 10:44:24,2013,6
879,c:225501,0.0,1330000000.0,2013-06-13,NASDAQ:HDS,Carlyle-backed HD Supply plans to raise $1.33 bln in IPO,2013-06-14 04:05:47,2013-06-14 04:05:47,2013,6
880,c:225619,0.0,1600000000.0,2013-06-13,NYSE:AR,UPDATE 1-Warburg-controlled Antero Resources files for $1 bln IPO,2013-06-14 06:12:07,2013-10-14 13:22:47,2013,6
881,c:225684,0.0,0.0,2013-06-13,NASDAQ: OGXI,,2013-06-14 07:34:24,2013-06-14 07:34:24,2013,6
882,c:209318,3620128462.0,599850000.0,2013-06-14,NASDAQ:CDW,Business | Markets  CDW Corporation to raise $641.7 million through IPO,2013-06-17 03:56:15,2013-06-17 04:19:00,2013,6
883,c:68572,0.0,69000000.0,2013-06-14,NASDAQ :CNAT,Conatus Pharmaceuticals Files for IPO,2013-06-17 06:41:23,2013-06-17 06:41:23,2013,6
884,c:36920,0.0,230000000.0,2013-06-17,NASDAQ:SALE,Online Coupon Giant RetailMeNot (Formerly WhaleShark Media) Files For $230M IPO,2013-06-17 23:11:20,2013-06-18 04:28:53,2013,6
885,c:33411,0.0,60000000.0,2013-05-21,NASDAQ:EPZM,Biopharmaceutical company Epizyme sets terms for $60 million IPO,2013-06-18 03:09:59,2013-06-18 03:12:40,2013,5
886,c:220180,0.0,75000000.0,2013-06-17,NASDAQ:NDLS,Fast-casual restaurant chain Noodles & Company sets terms for $75 million IPO,2013-06-18 04:23:04,2013-06-18 04:23:04,2013,6
887,c:168168,0.0,75000000.0,2013-06-17,NASDAQ:ONTX,Onconova files $75M IPO as new offerings sizzle  Read more: Onconova files $75M IPO as new offerings sizzle - FierceBiotech http://www.fiercebiotech.com/story/onconova-files-75m-ipo-new-offerings-sizzle/2013-06-17#ixzz2WXbuwlzI Subscribe at FierceBiotech,2013-06-18 05:03:12,2013-06-18 09:49:47,2013,6
888,c:227543,0.0,212000000.0,2013-06-17,NYSE:WPT,Oil storage company World Point Terminals files for a $212 million IPO,2013-06-18 06:25:24,2013-06-18 06:25:24,2013,6
889,c:227580,0.0,115000000.0,2013-06-14,NYSE:IACG,Wilbur Ross-backed global auto components supplier IAC Group files for a $115 million IPO,2013-06-18 06:37:12,2013-06-18 06:37:12,2013,6
891,c:227610,0.0,60000000.0,2013-06-17,LSE:SFT,http://t.co/PDpV94D9HR,2013-06-18 07:03:28,2013-06-18 07:03:28,2013,6
894,c:24713,0.0,78000000.0,2013-06-18,NASDAQ:RNA,RNA therapeutics biotech Prosensa sets terms for $60 million IPO,2013-06-19 04:14:58,2013-06-29 02:30:58,2013,6
895,c:228119,0.0,145000000.0,2013-06-18,NASDAQ:IRKO,Iroko Pharmaceuticals files for a $145 million IPO,2013-06-19 04:44:12,2013-06-19 04:44:12,2013,6
896,c:43753,0.0,101000000.0,2013-06-18,NASDAQ:BLUE,"Bluebird IPO busts out, raises $101M as biotech offerings turn red hot  Read more: Bluebird IPO busts out, raises $101M as biotech offerings turn red hot - FierceBiotech http://www.fiercebiotech.com/story/bluebird-ipo-busts-out-raises-101m-biotech-offerin",2013-06-19 04:57:58,2013-06-19 04:57:58,2013,6
898,c:27657,0.0,80000000.0,2013-05-28,NYSE:LXFT,Luxoft Holding files for IPO,2013-06-20 03:13:01,2013-06-20 03:15:15,2013,5
901,c:17181,0.0,0.0,2009-08-07,KOSDAQ:063080,,2013-06-20 05:12:48,2013-06-20 05:12:48,2009,8
902,c:228623,0.0,10000000.0,2013-06-19,NYSE:PAL,North American Palladium Announces Closing of First $10-Million Tranche of Private Placement of Flow-Through Shares,2013-06-20 06:47:27,2013-06-20 06:47:27,2013,6
905,c:37437,0.0,642000000.0,2013-06-17,NASDAQ:CDW,Technology IPO: CDW Files to Raise $642 Million,2013-06-21 04:13:19,2013-06-21 04:13:19,2013,6
906,c:75365,0.0,80000000.0,2013-05-10,NYSE:BIOA,BioAmber completes IPO,2013-06-21 04:22:05,2013-06-21 04:22:05,2013,5
907,c:24930,0.0,947000000.0,2013-05-09,NYSE:Q,Quintiles IPO raises more-than-planned $947 million as stocks rally,2013-06-21 04:40:55,2013-06-21 04:48:52,2013,5
908,c:229116,0.0,250000000.0,2013-06-20,NASDAQ:EAGL,Blank check company Silver Eagle Acquisition files and sets terms for $250 million IPO,2013-06-21 06:18:12,2013-06-21 06:18:12,2013,6
910,c:229301,0.0,575000000.0,2013-06-14,NYSE:MEP,Enbridge Energy Partners files for $575 million IPO of Midcoast Energy Partners  6/14/13,2013-06-21 11:18:33,2013-06-21 11:18:33,2013,6
911,c:229328,0.0,966000000.0,2013-08-14,NYSE:EVHC,"Envision Healthcare prices upsized IPO at $23 high end, raising $966 million",2013-06-21 11:53:10,2013-08-14 07:04:06,2013,8
912,c:144059,0.0,187000000.0,2013-06-21,NASDAQ:GOGO,Gogo IPO raises $187 million with plans for international expansion,2013-06-22 03:14:48,2013-06-22 03:14:48,2013,6
915,c:230996,0.0,0.0,2013-06-24,NASDAQ:OLED,Universal Display Corporation Stock Symbol Changes to OLED,2013-06-25 03:34:21,2013-06-25 03:34:21,2013,6
918,c:148258,0.0,0.0,2008-07-03,NASDAQ:SSYS,,2013-06-26 21:31:22,2013-06-26 21:31:22,2008,7
919,c:191451,0.0,0.0,2012-11-27,OTC:ECAU,,2013-06-28 03:00:02,2013-06-28 03:22:38,2012,11
920,c:202665,0.0,0.0,2004-07-28,NASDAQ:MNKD,,2013-07-01 13:44:17,2013-07-01 13:45:21,2004,7
922,c:5067,0.0,60000000.0,2013-07-01,NASDAQ;CTRL,Connected home startup Control4 files for an IPO for up to $60M,2013-07-02 04:13:24,2013-07-02 04:13:24,2013,7
923,c:73152,0.0,60000000.0,2013-07-01,NASDAQ:MBII,Marrone Bio Innovations Files IPO,2013-07-02 04:22:10,2013-07-02 04:22:50,2013,7
924,c:1063,0.0,65000000.0,2013-07-02,NYSE:YUME,"Main Event Page news Comment 0 inShare9 Another Video Ad Network Plans To Go Public, As YuMe Files For $65 Million IPO",2013-07-03 00:00:56,2013-07-03 00:00:56,2013,7
927,c:181366,0.0,0.0,2000-01-01,NASDAQ:SRPT,,2013-07-05 12:54:06,2013-07-05 12:54:49,2000,1
928,c:217400,0.0,0.0,2011-01-05,OTC:ALQA,,2013-07-08 12:36:54,2013-11-08 03:28:31,2011,1
929,c:235777,0.0,128000000.0,2013-08-08,NASDAQ:FOXF,"Fox raises $128M in public debut, ends day up 24%",2013-07-09 04:24:09,2013-08-09 03:18:34,2013,8
930,c:24131,0.0,82000000.0,2013-07-18,NASDAQ:OMED,OncoMed soars 60% after $82M IPO,2013-07-09 05:11:19,2013-07-19 03:38:15,2013,7
934,c:3399,0.0,117600000.0,2013-07-09,NYSE:CVT,McLean-based Cvent raises $117.6M in IPO,2013-07-10 04:43:48,2013-08-12 06:58:04,2013,7
935,c:24028,0.0,160000000.0,2013-08-08,NYSE:XON,Synthetic bio company Intrexon raises $160M in IPO,2013-07-10 04:53:26,2013-08-09 04:26:30,2013,8
936,c:236144,0.0,147000000.0,2013-07-09,TSX:ISV,Information Services Corporation closes $147 million privatization IPO,2013-07-10 05:18:59,2013-07-10 05:23:49,2013,7
939,c:70725,367000000.0,109000000.0,2010-11-01,SODA,SodaStream IPO makes a splash on Nasdaq,2013-07-16 10:23:56,2013-07-16 12:18:23,2010,11
941,c:100844,0.0,0.0,2007-08-01,ATTU,ATTUNITY receives Nasdaqs approval to trade on the Nasdaq Capital Market,2013-07-16 16:05:56,2013-07-16 17:51:40,2007,8
942,c:238118,0.0,0.0,2008-01-17,NASDAQ:EZCH,,2013-07-16 16:15:44,2013-12-04 03:48:12,2008,1
943,c:23054,0.0,150000000.0,2011-01-01,Velt,"ROAM DATA SMART MCOMMERCE NEWS ROAM Data Smart mCommerceThe definitive source for ALL things related to ""mcommerce"" and mobile commerce. CommentsPosts  HOME ABOUT ROAM BLOGGER « HP CEO says new webOS products soon, another announcement coming in March",2013-07-16 16:19:31,2013-07-16 17:54:15,2011,1
944,c:223425,210000000.0,69000000.0,2004-06-10,PDSN,POWERDSINE LTD (PDSN) IPO,2013-07-16 17:14:57,2013-07-16 18:02:15,2004,6
945,c:13922,1096000000.0,160.0,2011-05-04,RPXC,RPX raises about $159.6M from its IPO,2013-07-17 04:00:28,2013-07-17 09:51:54,2011,5
948,c:210969,794000000.0,187000000.0,1999-03-25,ONEM,NASDAQ: ONEMAIN IPO,2013-07-17 13:55:16,2013-07-17 14:40:32,1999,3
949,c:61691,0.0,52000000.0,2013-07-17,NASDAQ:VSTM,Verastem raises $52M in first stock offering since IPO,2013-07-18 04:10:53,2013-07-18 04:10:53,2013,7
950,c:238715,0.0,100000000.0,2013-07-17,NASDAQ:FSFR,Fifth Street Senior Floating Rate Corp. Raises $100 Million in Gross Proceeds in Connection With Initial Public Offering of Common Stock  Read more: http://www.nasdaq.com/press-release/fifth-street-senior-floating-rate-corp-raises-100-million-in-gross-pro,2013-07-18 06:23:53,2013-07-18 06:23:53,2013,7
957,c:158876,0.0,0.0,2013-07-23,NASDAQ:HTBX,"Heat Biologics, Inc. Announces Pricing of Initial Public Offering of 2,500,000 Shares of Common Stock",2013-07-24 06:05:44,2013-07-24 06:05:44,2013,7
958,c:230775,0.0,0.0,2011-02-04,OTCBB:XXII,,2013-07-24 11:19:49,2013-12-11 10:00:06,2011,2
959,c:4999,450000000.0,150000000.0,2001-03-09,NASDAQ:LDCL,Loudcloud's IPO far from thunderous,2013-07-24 15:47:53,2013-07-24 15:47:53,2001,3
960,c:37880,0.0,0.0,2013-07-24,NASDAQ:XGTI,xG Technology Announces Closing of Public Offering of Common Stock and Warrants to Purchase Common Stock,2013-07-25 05:29:08,2013-07-25 05:29:08,2013,7
961,c:241173,0.0,0.0,2013-07-24,OTCBB:SGLB,"Sigma Labs, Inc. Raises 1.2 Million Dollars Through Recent Private Placement Offering",2013-07-25 05:42:24,2013-07-25 05:42:24,2013,7
963,c:23609,0.0,0.0,2013-07-26,NASDAQ:FPRX,Five Prime Therapeutics Files for IPO,2013-07-29 04:47:03,2013-07-29 04:47:03,2013,7
964,c:20266,0.0,0.0,1993-12-14,NYSE:SPG,NYSE,2013-07-29 22:13:19,2013-07-29 22:13:33,1993,12
967,c:46007,0.0,108000000.0,2013-07-29,NASDAQ:FMI,Foundation Medicine Files Registration Statement for Proposed Initial Public Offering of Common Stock,2013-07-30 04:21:14,2013-09-26 02:57:21,2013,7
968,c:212510,0.0,0.0,2013-07-30,Nasdaq: TSRX,,2013-07-31 03:41:20,2013-07-31 03:41:20,2013,7
972,c:29411,0.0,0.0,2005-11-18,LON:KFX,,2013-08-01 05:04:16,2013-08-27 07:56:44,2005,11
973,c:77195,0.0,305000000.0,2013-08-01,NYSE:KKR,KKR Raises $305 Mln for Funds IPO,2013-08-02 02:57:44,2013-08-02 02:57:44,2013,8
974,c:1360,0.0,0.0,2013-08-01,NASDAQ:BCOR,Blucora to Acquire Monoprice,2013-08-02 03:39:38,2013-08-02 03:39:38,2013,8
976,c:244768,0.0,0.0,2008-02-09,NYSE:POST,,2013-08-05 03:23:39,2013-09-05 02:47:59,2008,2
982,c:245559,0.0,0.0,2013-08-06,NASDAQ:PDCE,PDC Energy hopes to raise $243M in stock offering,2013-08-07 03:45:08,2013-08-07 03:46:30,2013,8
983,c:245874,0.0,48000000.0,2013-08-07,NASDAQ:VNDA,Vanda Pharmaceuticals to raise $48M in stock sale,2013-08-08 04:29:26,2013-08-08 04:29:26,2013,8
984,c:31070,0.0,0.0,2013-08-07,NASDAQ:TQNT,TriQuint Acquires CAP Wireless and Its Spatium Technology,2013-08-08 04:30:10,2013-08-08 04:30:10,2013,8
986,c:181675,0.0,46600000.0,2013-08-08,NYSE:ONVO,"Organovo Holdings, Inc. Closes $46.6 Million Public Offering of Common Stock and Exercise of Over-Allotment Option",2013-08-08 13:05:06,2013-08-08 13:05:06,2013,8
987,c:27384,35000000.0,0.0,2013-08-08,NASDAQ: HNSN,Hansen Medical Announces Closing of Equity Financing,2013-08-09 03:55:38,2013-08-09 03:57:17,2013,8
993,c:10704,1100000000.0,187500000.0,2013-11-14,NYSE:CHGG,"In $187.5M IPO, Chegg Debuts On NYSE In Twitters Shadow, As Shares Slump 15 Percent",2013-08-15 03:54:00,2013-11-14 05:17:43,2013,11
996,c:247904,0.0,0.0,2013-08-14,TSXV: LEC,Lignol Energy Corporation receives increased credit facility of up to $12.5 Million from Difference Capital Financial Inc.,2013-08-15 07:04:01,2013-08-15 07:04:01,2013,8
998,c:254972,0.0,172500000.0,2013-08-15,NASDAQ:QPACU,Quinpario raises $172.5 million in IPO,2013-08-15 13:32:05,2013-08-15 13:34:01,2013,8
999,c:141691,0.0,11300000.0,2011-02-01,RSS,,2013-08-15 23:36:39,2013-08-22 21:14:32,2011,2
1002,c:142492,0.0,0.0,2013-08-16,NYSE: XPO,Our Company,2013-08-19 03:03:02,2013-08-19 03:03:02,2013,8
1004,c:29778,0.0,116000000.0,2013-08-19,NYSE: FUEL,"Rocket Fuel hits top of IPO target, raises $116M",2013-08-19 13:30:50,2013-09-20 04:27:05,2013,8
1005,c:71350,20000000.0,2500000.0,2011-05-02,SMTP,xconomy,2013-08-20 20:38:01,2013-08-20 22:47:15,2011,5
1007,c:217859,0.0,0.0,2013-01-01,OTC: PLPM,Planet Payment (OTCQX: PLPM),2013-08-21 09:53:11,2013-08-21 09:54:20,2013,1
1012,c:219152,0.0,0.0,2010-06-21,OTC:SBOTF,,2013-08-23 04:25:56,2013-09-12 06:17:26,2010,6
1016,c:246769,0.0,65000000.0,2013-08-23,NASDAQ:SPHS,Sophiris Bio Inc. (SHS.TO) Closes $65 Million Public Offering,2013-08-26 03:18:50,2013-08-26 03:18:50,2013,8
1018,c:10106,0.0,0.0,2002-06-21,NYSE:TRI,,2013-08-26 10:53:26,2013-08-26 20:14:31,2002,6
1019,c:25574,0.0,0.0,2008-05-30,OTCMKTS:CRWG,,2013-08-26 11:28:44,2013-08-26 20:20:42,2008,5
1020,c:30060,0.0,0.0,2005-11-11,NYSE:IHS,,2013-08-26 11:40:31,2013-08-26 11:40:50,2005,11
1022,c:28285,0.0,0.0,2005-05-13,NASDAQ:MORN,,2013-08-27 04:16:19,2013-08-27 04:16:19,2005,5
1023,c:12137,0.0,0.0,1978-01-13,NYSE:JNJ,,2013-08-27 04:19:35,2013-08-27 04:19:35,1978,1
1024,c:212,0.0,0.0,2008-06-20,NYSE:SNI,,2013-08-27 05:01:01,2013-08-27 05:01:01,2008,6
1025,c:40456,0.0,0.0,2013-08-26,NYSE:VMEM,"At Last, Violin Memory Files for $173 Million IPO",2013-08-27 05:16:10,2013-08-27 05:19:23,2013,8
1026,c:26486,0.0,0.0,1978-01-13,NYSE:DLX,,2013-08-27 05:17:56,2013-08-27 05:17:56,1978,1
1028,c:10453,0.0,0.0,2011-06-24,NYSE:RATE,,2013-08-27 07:18:08,2013-08-27 07:18:08,2011,6
1029,c:26707,0.0,0.0,1981-04-03,NASDAQ:MSCC,,2013-08-27 07:50:34,2013-08-27 07:50:34,1981,4
1030,c:32780,0.0,0.0,1980-06-06,NYSE:MOG.A,,2013-08-27 09:52:26,2013-08-27 09:52:26,1980,6
1031,c:20211,0.0,0.0,1978-01-13,NYSE:MMM,,2013-08-27 09:57:05,2013-08-27 09:57:05,1978,1
1032,c:29025,0.0,0.0,1978-01-13,NYSE:WMT,,2013-08-27 10:03:30,2013-08-27 10:03:30,1978,1
1033,c:24869,0.0,0.0,1999-07-29,NASDAQ:PRFT,,2013-08-27 10:06:03,2013-10-10 11:45:51,1999,7
1034,c:3524,0.0,0.0,2007-10-12,NASDAQ:CTCT,,2013-08-27 10:09:03,2013-08-27 10:09:03,2007,10
1035,c:1071,0.0,0.0,2009-11-13,NASDAQ:ACOM,,2013-08-27 10:37:38,2013-08-27 10:37:38,2009,11
1036,c:49909,0.0,0.0,1999-12-03,NYSE:TDY,,2013-08-27 10:46:39,2013-08-27 10:46:39,1999,12
1037,c:258933,0.0,0.0,2007-08-13,NASDAQ:NEPT,,2013-08-27 11:58:05,2013-11-08 03:25:49,2007,8
1038,c:258957,0.0,0.0,2013-02-05,OTC:GFOO,,2013-08-27 13:21:57,2013-08-27 13:22:52,2013,2
1039,c:220475,0.0,0.0,2008-08-27,OTC:FTER,,2013-08-28 04:59:45,2013-08-28 05:00:08,2008,8
1040,c:1916,0.0,0.0,1978-01-13,NYSE:GE,,2013-08-28 11:33:06,2013-08-28 11:33:06,1978,1
1041,c:26797,0.0,0.0,2000-10-27,NASDAQ:XXIA,,2013-08-28 12:26:02,2013-08-28 12:26:02,2000,10
1042,c:26599,0.0,0.0,1999-08-13,OTCBB:SYTE,,2013-08-28 12:29:56,2013-08-28 12:29:56,1999,8
1043,c:28385,0.0,0.0,1987-07-10,NASDAQ:EBIX,,2013-08-28 12:33:08,2013-08-28 12:33:08,1987,7
1044,c:23339,0.0,0.0,1983-01-24,NASDAQ:AMGN,,2013-08-28 12:38:15,2013-08-28 12:38:15,1983,1
1045,c:17487,0.0,0.0,2002-02-22,NYSE:GME,,2013-08-29 04:07:14,2013-08-29 04:07:14,2002,2
1046,c:48483,0.0,0.0,2007-03-09,NASDAQ:PAET,,2013-08-29 04:10:03,2013-08-29 04:10:03,2007,3
1047,c:3132,0.0,0.0,2002-04-04,TPE:2498,,2013-08-29 04:15:36,2013-08-29 04:15:36,2002,4
1048,c:674,0.0,0.0,2004-04-08,NASDAQ:MCHX,,2013-08-29 04:25:18,2013-08-29 04:25:18,2004,4
1049,c:25740,0.0,0.0,1994-05-03,NASDAQ:NKTR,,2013-08-29 04:34:48,2013-08-29 04:39:11,1994,5
1050,c:988,0.0,0.0,2008-01-11,NASDAQ:SATS,,2013-08-29 06:41:35,2013-08-29 06:41:35,2008,1
1051,c:1335,0.0,0.0,2003-01-10,NASDAQ:TST,,2013-08-29 06:43:50,2013-08-29 06:43:50,2003,1
1052,c:5346,0.0,0.0,1999-11-26,NASDAQ:BCSI,,2013-08-29 10:06:43,2013-08-29 10:06:43,1999,11
1053,c:565,0.0,0.0,2011-06-03,NYSE:ACTV,,2013-08-29 10:13:53,2013-08-29 10:13:53,2011,6
1054,c:259804,0.0,0.0,1996-11-27,NYSE:GEL,,2013-08-30 03:26:30,2013-08-30 03:27:36,1996,11
1055,c:12352,0.0,0.0,2012-12-14,NASDAQ:SCTY,,2013-08-30 03:32:18,2013-08-30 03:32:18,2012,12
1056,c:9743,0.0,0.0,2012-07-27,NYSE:PANW,,2013-08-30 04:25:34,2013-08-30 04:25:34,2012,7
1057,c:181067,0.0,0.0,1991-05-24,NASDAQ:ISIS,,2013-08-30 05:34:18,2013-08-30 05:34:18,1991,5
1058,c:1665,0.0,0.0,2011-07-01,NASDAQ:KIOR,,2013-08-30 05:49:15,2013-08-30 05:49:15,2011,7
1059,c:25149,0.0,0.0,2010-12-03,NASDAQ:ANAC,,2013-08-30 06:27:05,2013-08-30 06:27:05,2010,12
1060,c:217891,0.0,0.0,1995-10-24,NASDAQ: PCYC,,2013-08-30 06:32:33,2013-08-30 06:33:45,1995,10
1061,c:4209,0.0,0.0,2011-11-25,NASDAQ:ANGI,,2013-08-30 06:35:24,2013-08-30 06:35:24,2011,11
1062,c:53,0.0,0.0,2012-10-04,NYSE:LOCK,,2013-08-30 06:40:15,2013-08-30 06:40:15,2012,10
1063,c:23911,0.0,0.0,1995-07-21,NYSE:SUNE,,2013-08-30 06:45:23,2013-08-30 06:45:23,1995,7
1064,c:28373,0.0,0.0,2002-07-01,NYSE: SNY,,2013-08-30 10:08:42,2013-11-01 13:27:46,2002,7
1065,c:3060,0.0,0.0,2012-10-15,NYSE:WDAY,,2013-08-30 10:16:11,2013-08-30 10:16:11,2012,10
1066,c:31266,0.0,0.0,2007-06-22,NYSE:OPK,,2013-08-30 10:28:56,2013-08-30 10:28:56,2007,6
1068,c:40670,0.0,0.0,2013-08-28,Nasdaq: SQI,,2013-09-04 04:05:07,2013-09-04 04:07:04,2013,8
1070,c:261680,0.0,0.0,2013-06-25,OTC:SNWR,,2013-09-05 05:07:47,2013-09-05 05:10:31,2013,6
1071,c:24705,0.0,0.0,2013-01-31,NASDAQ:KBIO,,2013-09-05 06:40:33,2013-09-05 06:41:28,2013,1
1072,c:200926,0.0,0.0,2003-10-16,NYSE: CNC,,2013-09-06 12:42:45,2013-09-06 12:43:50,2003,10
1073,c:68519,0.0,0.0,1990-01-02,NASDAQ:CGNX,,2013-09-09 13:35:49,2013-09-09 13:37:46,1990,1
1074,c:71598,0.0,0.0,2013-04-08,RMGN,RMG Networks and SCG Financial Acquisition Corp. Announce Agreement for Business Combination,2013-09-10 21:31:21,2013-09-11 03:50:04,2013,4
1076,c:263480,0.0,0.0,1994-01-03,NASDAQ:IBCP,,2013-09-11 07:05:49,2013-09-11 07:06:40,1994,1
1077,c:227967,0.0,0.0,2000-01-01,Nasdaq:CBRX,,2013-09-13 03:14:16,2013-09-13 03:14:57,2000,1
1078,c:49254,0.0,0.0,1996-11-01,NYSE:IM,,2013-09-13 03:47:46,2013-09-13 03:54:13,1996,11
1079,c:191520,0.0,0.0,1999-11-10,NYSE:UPS,,2013-09-13 13:41:41,2013-09-13 13:42:26,1999,11
1080,c:264262,0.0,0.0,2009-09-23,OTC:CLDS,,2013-09-13 14:00:57,2013-09-13 14:02:04,2009,9
1081,c:261911,0.0,0.0,2000-01-01,NASDAQ: ASTX,,2013-09-16 03:12:32,2013-09-16 03:14:41,2000,1
1082,c:203161,0.0,0.0,2008-09-15,NYSE:FBN,,2013-09-16 03:34:16,2013-09-16 03:35:10,2008,9
1083,c:264671,0.0,0.0,1996-09-09,NYSE: FMS,,2013-09-16 05:54:19,2013-09-16 05:55:58,1996,9
1085,c:264820,0.0,0.0,2013-09-13,OTC:ANPZ,,2013-09-16 13:42:00,2013-09-16 13:43:02,2013,9
1086,c:25684,0.0,0.0,1990-03-26,NYSE: CLH,,2013-09-17 03:33:45,2013-09-17 03:34:13,1990,3
1087,c:225094,0.0,0.0,2000-01-01,OTCBB:CNSO,,2013-09-17 06:00:11,2013-09-17 06:00:41,2000,1
1088,c:74265,0.0,0.0,2005-07-05,OTC BB:NNVCD,,2013-09-17 12:35:45,2013-09-17 12:36:18,2005,7
1089,c:56442,0.0,0.0,2008-01-28,OTC:LSCG,,2013-09-18 03:23:52,2013-09-18 03:25:14,2008,1
1090,c:265272,0.0,0.0,2013-09-11,NYSE : ALEX,,2013-09-18 04:02:03,2013-09-18 04:02:45,2013,9
1091,c:234985,0.0,0.0,1996-01-01,PREC,,2013-09-18 09:15:16,2013-09-18 12:55:09,1996,1
1093,c:265625,0.0,0.0,1998-12-16,NASDAQ:MCBI,,2013-09-19 04:29:53,2013-09-19 04:31:01,1998,12
1094,c:265622,0.0,0.0,1999-02-03,NASDAQ:EWBC,,2013-09-19 04:30:15,2013-09-19 04:31:17,1999,2
1095,c:265675,0.0,0.0,2003-09-17,NASDAQ:OLBK,,2013-09-19 06:20:38,2013-09-19 06:22:08,2003,9
1096,c:199642,0.0,0.0,2000-04-06,NASDAQ:SGMO,,2013-09-19 09:11:12,2013-09-19 09:12:15,2000,4
1097,c:59379,0.0,0.0,2008-11-14,OTC:MPSYY,,2013-09-19 10:18:11,2013-09-19 10:22:11,2008,11
1098,c:265792,0.0,0.0,2000-01-01,OTC:ONCS,,2013-09-19 11:08:42,2013-09-19 11:10:06,2000,1
1099,c:65183,0.0,0.0,2007-11-01,NASDAQ:NSPH,,2013-09-19 13:30:35,2013-09-19 13:31:16,2007,11
1100,c:225868,0.0,0.0,2000-03-16,NASDAQ:GTIV,,2013-09-20 03:14:12,2013-09-20 03:15:20,2000,3
1103,c:15563,0.0,304000000.0,2013-09-20,NASDAQ:FEYE,FireEye Shares Jump $16 In First Day Of Public Trading As Interest Soars For Security Companies,2013-09-23 03:16:21,2013-09-23 03:20:27,2013,9
1104,c:215819,0.0,0.0,2007-12-07,NASDAQ:AUXL,,2013-09-23 05:19:42,2013-09-23 05:21:16,2007,12
1105,c:73330,0.0,0.0,1994-01-03,NASDAQ: CYBX,,2013-09-24 03:22:08,2013-09-24 03:22:43,1994,1
1106,c:207212,0.0,0.0,2000-01-01,OTC:FRFHF,,2013-09-24 03:39:16,2013-09-24 03:45:53,2000,1
1107,c:266896,0.0,0.0,2010-10-02,MLX:ASX,,2013-09-24 04:43:17,2013-09-24 04:44:04,2010,10
1108,c:266936,0.0,0.0,2008-09-22,OTC:ASTV,,2013-09-24 06:32:48,2013-09-24 06:33:24,2008,9
1109,c:255756,0.0,0.0,2010-06-15,NASDAQ:FURX,,2013-09-25 13:05:26,2013-09-25 13:08:59,2010,6
1110,c:202427,0.0,0.0,1994-06-03,OTC:LJPC,,2013-09-26 05:27:29,2013-09-26 05:32:51,1994,6
1111,c:267527,0.0,0.0,2000-01-01,NYSE:AMPE,,2013-09-26 11:14:04,2013-09-26 11:17:33,2000,1
1112,c:18293,0.0,0.0,2012-09-14,OTC:WANSF,,2013-09-26 13:09:07,2013-09-26 13:09:43,2012,9
1113,c:11318,0.0,0.0,2000-01-01,NYSE:F,,2013-09-26 17:15:53,2013-09-27 03:33:36,2000,1
1115,c:949,0.0,97500000.0,2013-09-27,NYSE:RNG,RINGCENTRAL JUMPS AFTER RAISING $97.5M IN IPO,2013-09-27 04:07:09,2013-12-11 00:12:08,2013,9
1116,c:267873,0.0,0.0,2008-01-29,NASDAQ:ATAI,,2013-09-27 13:35:18,2013-09-27 13:40:55,2008,1
1117,c:268225,0.0,352000000.0,2013-10-02,NASDAQ:PEGI,Pattern Energy Group Inc. Completes US$352 Million Initial Public Offering,2013-09-30 03:34:53,2013-10-04 03:25:31,2013,10
1118,c:25238,0.0,62000000.0,2013-09-27,NASDAQ:ENZY,Enzymotec raises $62 mln for IPO,2013-09-30 04:38:13,2013-09-30 04:41:57,2013,9
1119,c:268394,0.0,0.0,2010-05-05,NASDAQ:CHRM,,2013-09-30 12:58:53,2013-09-30 12:59:53,2010,5
1120,c:227815,0.0,0.0,2000-01-01,NYSE:B,,2013-10-01 12:00:46,2013-10-01 12:02:08,2000,1
1123,c:32412,0.0,0.0,2010-11-21,NASDAQ:ZGNX,,2013-10-02 04:46:25,2013-10-02 04:47:19,2010,11
1125,c:29610,0.0,0.0,2000-10-18,NYSE:MON,,2013-10-02 12:26:21,2013-10-02 12:27:09,2000,10
1127,c:269078,0.0,0.0,1991-12-16,NASDAQ:BOKF,,2013-10-03 03:11:26,2013-10-03 03:11:56,1991,12
1128,c:40709,0.0,0.0,2006-02-01,NASDAQ:HWAY,,2013-10-03 03:24:30,2013-10-03 03:25:25,2006,2
1129,c:171939,0.0,0.0,2007-06-06,OTC:WGBS,,2013-10-03 05:20:27,2013-10-03 05:23:16,2007,6
1130,c:269148,0.0,0.0,1992-03-25,NASDAQ:STEM,,2013-10-03 06:33:32,2013-10-03 06:34:33,1992,3
1131,c:269236,0.0,0.0,1994-01-03,NASDAQ:FITB,,2013-10-03 12:39:50,2013-10-03 12:44:22,1994,1
1132,c:254996,0.0,0.0,1999-08-05,NASDAQ:ICGE,,2013-10-04 03:34:06,2013-10-04 03:34:38,1999,8
1134,c:81355,0.0,0.0,2013-09-30,OTN:RYUN,,2013-10-07 09:50:57,2013-10-07 09:51:48,2013,9
1135,c:38729,0.0,0.0,2005-06-09,NASDAQ:ABTL,,2013-10-07 12:48:12,2013-10-07 12:54:08,2005,6
1136,c:67716,0.0,0.0,2007-01-10,NYSE:TWC,,2013-10-08 03:07:14,2013-10-08 03:07:55,2007,1
1138,c:80545,0.0,0.0,1990-03-26,NASDAQ:NTSC,,2013-10-09 02:52:48,2013-10-09 02:53:58,1990,3
1139,c:36770,0.0,0.0,2009-09-11,OTC:AMCY,,2013-10-09 04:10:51,2013-10-09 04:19:57,2009,9
1140,c:231551,0.0,260000000.0,2013-10-02,NYSE:BURL,,2013-10-09 05:28:56,2013-10-09 05:37:44,2013,10
1141,c:220381,0.0,0.0,2011-08-19,OTC:ATCH,,2013-10-09 05:48:06,2013-10-09 05:49:50,2011,8
1142,c:270645,0.0,0.0,2011-07-07,NASDAQ:DAEG,,2013-10-09 12:46:38,2013-10-09 12:48:43,2011,7
1144,c:270772,0.0,0.0,2013-10-09,NYSE:QTS,,2013-10-10 03:57:21,2013-10-10 04:02:05,2013,10
1145,c:227029,0.0,75000000.0,2013-10-09,NASDAQ:LDRH,LDR Holding Raises $75M in IPO,2013-10-10 05:27:56,2013-10-10 05:39:02,2013,10
1146,c:167824,0.0,0.0,2000-01-01,NASDAQ:DCIN,,2013-10-10 12:40:52,2013-10-10 12:43:26,2000,1
1148,c:271030,0.0,0.0,2010-05-10,NYSE:CMLP,,2013-10-11 03:36:05,2013-10-11 03:36:56,2010,5
1150,c:258330,0.0,0.0,2009-01-16,NASDAQ:TEAR,,2013-10-11 04:19:21,2013-10-11 04:20:55,2009,1
1151,c:271076,0.0,0.0,2012-06-21,NASDAQ:HOTR,,2013-10-11 06:01:42,2013-10-11 06:02:45,2012,6
1152,c:271559,0.0,0.0,2007-05-23,NYSE:BGS,,2013-10-14 05:31:26,2013-10-14 05:33:14,2007,5
1153,c:271575,0.0,0.0,2005-06-28,NYSE:THS,,2013-10-14 06:04:45,2013-10-14 06:05:58,2005,6
1155,c:23311,0.0,260000000.0,2013-10-16,NYSE:VEEV,"Veeva IPO beats price targets, raises $260 million",2013-10-16 06:13:08,2013-10-16 06:14:10,2013,10
1156,c:272590,0.0,0.0,2008-10-13,NASDAQ:PACT,,2013-10-18 09:21:42,2013-10-18 09:22:45,2008,10
1157,c:223792,0.0,0.0,2007-06-22,NYSE:BX,,2013-10-18 09:27:33,2013-10-18 09:28:23,2007,6
1158,c:23230,0.0,0.0,2013-10-18,NYSE:WUBA,Dan Primack's Term Sheet 10/18/13,2013-10-18 20:48:55,2013-10-18 20:48:55,2013,10
1159,c:272813,0.0,6500000.0,2013-10-18,NYSE:VJET,Dan Primack's Term Sheet 10/18/13,2013-10-18 20:55:59,2013-10-18 20:55:59,2013,10
1160,c:273188,0.0,0.0,2008-10-20,ASX:MEP,,2013-10-21 09:27:10,2013-10-21 09:27:56,2008,10
1161,c:273194,0.0,0.0,2008-10-20,ASX:BRW,,2013-10-21 09:36:47,2013-10-21 09:37:27,2008,10
1162,c:34407,0.0,0.0,1990-03-26,NASDAQ:TLAB,,2013-10-21 13:04:29,2013-10-21 13:07:23,1990,3
1163,c:200605,0.0,0.0,1992-01-29,NASDAQ:PDLI,,2013-10-22 05:08:42,2013-10-22 05:09:17,1992,1
1164,c:173991,0.0,0.0,2010-08-06,NASDAQ:PATH,,2013-10-23 04:04:06,2013-10-23 04:04:57,2010,8
1166,c:200799,0.0,0.0,2000-01-01,NASDAQ:ADXS,,2013-10-24 04:53:09,2013-10-29 06:22:24,2000,1
1167,c:260016,0.0,0.0,2008-10-20,OTC:ADMA,,2013-10-24 05:07:55,2013-10-24 05:08:37,2008,10
1168,c:274050,0.0,0.0,1998-01-09,NASDAQ:HFWA,,2013-10-24 05:29:15,2013-10-24 05:30:50,1998,1
1169,c:274053,0.0,0.0,1998-06-23,NASDAQ:WBCO,,2013-10-24 05:30:17,2013-10-24 05:31:11,1998,6
1174,c:206491,0.0,0.0,1990-01-02,NASDAQ:RRD,,2013-10-25 03:34:20,2013-10-25 03:35:54,1990,1
1175,c:205181,0.0,0.0,2011-09-01,NYSE:NSPR,,2013-10-25 04:47:53,2013-10-25 04:49:39,2011,9
1177,c:221060,0.0,0.0,2009-12-31,NASDAQ:SRNE,,2013-10-28 02:55:13,2013-10-28 02:56:40,2009,12
1178,c:70361,0.0,0.0,2013-10-25,NASDAQ:AERI,,2013-10-28 03:19:36,2013-10-28 03:24:11,2013,10
1179,c:12394,0.0,577000000.0,2013-10-25,NASDAQ:COMM,The Carlyle Groups CommScope raises $577 mln for IPO,2013-10-28 03:31:09,2013-10-28 03:31:09,2013,10
1180,c:12422,0.0,252000000.0,2013-10-25,NASDAQ:EIGI,Web host company raises $252 million in IPO,2013-10-28 05:13:30,2013-10-28 05:14:27,2013,10
1181,c:26266,0.0,0.0,1994-09-29,NYSE:NTT,,2013-10-29 02:49:45,2013-10-29 02:50:16,1994,9
1182,c:275136,0.0,0.0,1999-04-23,NASDAQ:HEOP,,2013-10-29 03:14:34,2013-10-29 03:15:08,1999,4
1184,c:1867,0.0,250000000.0,2013-10-30,NASDAQ:CRTO,French firm Criteo raises $250 mln from IPO,2013-10-30 07:06:52,2013-10-30 07:11:31,2013,10
1185,c:275579,0.0,0.0,2008-10-27,ASX:BLR,,2013-10-30 09:32:58,2013-10-30 09:35:32,2008,10
1188,c:276131,0.0,0.0,2013-10-23,OTC:LBIO,,2013-11-01 06:40:32,2013-11-01 06:41:04,2013,10
1189,c:273403,0.0,225000000.0,2013-11-01,TCS,The Container Store News,2013-11-01 23:12:05,2013-11-01 23:12:36,2013,11
1193,c:210366,0.0,0.0,1996-11-22,NASDAQ:TISA,,2013-11-05 06:22:37,2013-11-05 06:28:15,1996,11
1194,c:3408,0.0,0.0,1993-01-03,NYSE:ALU,,2013-11-05 10:29:44,2013-11-05 10:30:46,1993,1
1195,c:196185,0.0,0.0,1996-01-24,NASDAQ:OTEX,,2013-11-06 03:12:19,2013-11-06 03:20:49,1996,1
1196,c:256803,0.0,0.0,2011-09-03,OTC:PHOT,,2013-11-06 03:19:32,2013-11-06 03:39:23,2011,9
1197,c:60796,0.0,0.0,2013-11-06,NASDAQ:KPTI,,2013-11-07 04:03:09,2013-11-07 04:04:22,2013,11
1198,c:12,18100000000.0,1820000000.0,2013-11-07,NYSE:TWTR,"Twitter Prices IPO Above Estimates At $26 Per Share, Raising $1.82B At Valuation Of Up To $18B",2013-11-07 04:11:42,2013-11-07 04:18:48,2013,11
1199,c:214069,0.0,0.0,2013-07-16,NASDAQ:OCRX,,2013-11-07 04:28:37,2013-11-07 04:29:11,2013,7
1200,c:1105,750000000.0,127000000.0,2013-11-06,NASDAQ:WIX,Website builder Wix raises $127M in largest-ever IPO for Israeli firm,2013-11-07 04:55:33,2013-11-07 07:17:36,2013,11
1201,c:277665,0.0,1100000000.0,2000-08-23,TYO:4776,Cybozu Announces Initial Public Offering,2013-11-07 17:07:39,2013-11-07 17:07:39,2000,8
1202,c:38375,0.0,0.0,2012-07-19,NASDAQ:DRTX,,2013-11-08 03:01:11,2013-11-08 03:02:08,2012,7
1203,c:141620,0.0,0.0,2000-11-20,NASDAQ:SLXP,,2013-11-08 03:24:21,2013-11-08 03:24:52,2000,11
1204,c:200534,0.0,0.0,2004-04-01,NASDAQ:SNTS,,2013-11-08 03:25:36,2013-11-08 03:26:21,2004,4
1206,c:257187,0.0,0.0,2008-01-01,OTCBQ: MCVE,,2013-11-08 16:54:08,2013-11-08 23:24:17,2008,1
1210,c:268288,0.0,74000000.0,2013-11-21,NYSE:EVGN,Evogene raises $74m in New York,2013-11-12 09:35:35,2013-11-22 03:37:57,2013,11
1211,c:51364,0.0,0.0,2004-12-03,AIM:AND,,2013-11-13 01:14:10,2013-11-13 01:14:10,2004,12
1212,c:26921,0.0,0.0,1999-01-15,LSE:OXIG,,2013-11-13 01:16:43,2013-11-13 01:16:43,1999,1
1213,c:82151,0.0,0.0,2011-01-05,OTC:BARZ,,2013-11-13 05:56:42,2013-11-13 05:57:29,2011,1
1214,c:279132,0.0,0.0,2000-04-06,NYSE:PTR,,2013-11-13 10:31:54,2013-11-13 10:32:20,2000,4
1216,c:145061,0.0,0.0,2008-12-26,OTC:TTNP,,2013-11-14 05:13:43,2013-11-14 05:15:03,2008,12
1217,c:279371,0.0,0.0,2008-07-08,OTC:QRXPY,,2013-11-14 06:35:47,2013-11-14 06:36:32,2008,7
1218,c:279014,0.0,0.0,2013-11-13,NYSE:STAY,Extended Stay shares shoot higher following $565M IPO,2013-11-14 10:47:00,2013-11-14 10:48:40,2013,11
1219,c:40228,0.0,138000000.0,2008-11-17,NASDAQ:TNDM,Tandem Diabetes closes $138M IPO,2013-11-15 03:14:00,2013-11-20 14:35:24,2008,11
1220,c:37940,0.0,263000000.0,2013-11-15,NASDAQ:ZU,"Zulily raises $263M in IPO, commands $2.68B initial market cap",2013-11-15 04:38:35,2013-11-18 03:57:13,2013,11
1222,c:28922,0.0,0.0,2000-01-01,NYSE:ICE,,2013-11-19 10:09:40,2013-11-19 10:10:12,2000,1
1223,c:280761,0.0,0.0,1998-06-10,NYSE:DVN,,2013-11-20 03:36:00,2013-11-20 03:36:35,1998,6
1224,c:205153,0.0,0.0,2013-05-01,OTC:MLSS,,2013-11-20 04:55:40,2013-11-20 04:59:14,2013,5
1225,c:280991,0.0,0.0,2010-11-10,OTCBB:GBSX,,2013-11-21 03:21:28,2013-11-21 03:22:29,2010,11
1226,c:281393,0.0,0.0,2009-10-26,NASDAQ:IPCI,,2013-11-22 07:34:07,2013-11-22 07:35:07,2009,10
1227,c:36485,0.0,64000000.0,2013-11-22,OXFD,,2013-11-22 19:04:50,2013-11-22 19:04:50,2013,11
1228,c:281519,0.0,200000000.0,2013-11-22,NYSE:VNCE,Vince Raises $200 Million Pricing IPO Above Marketed Range,2013-11-22 19:13:01,2013-11-25 20:54:15,2013,11
1229,c:281663,0.0,228000000.0,2013-11-21,NYSE:NVGS,Wilbur Ross controlled Navigator raises $228 million in IPO,2013-11-23 11:58:50,2013-11-23 11:58:50,2013,11
1230,c:281988,0.0,0.0,2012-01-13,NYSE:RSE,,2013-11-25 13:35:31,2013-11-25 13:37:37,2012,1
1234,c:279449,0.0,79000000.0,2013-11-24,NASDAQ:GOMO,PE-Backed Sungy Mobile Completes $79M IPO,2013-11-26 07:26:02,2013-11-26 07:26:02,2013,11
1236,c:75577,0.0,0.0,1999-12-07,NASDAQ:HPOL,,2013-11-27 03:36:43,2013-11-27 03:38:01,1999,12
1237,c:282477,0.0,0.0,2007-06-28,NASDAQ:NWBO,,2013-11-27 06:28:59,2013-11-27 06:30:17,2007,6
1238,c:225182,0.0,84500000.0,2009-02-26,NASDAQ:CSII,Cardiovascular Systems raises $84.5M through public offering,2013-11-28 03:21:19,2013-11-28 03:22:34,2009,2
1239,c:185523,38600.0,11800.0,1999-12-09,SZ002315,made-in-china.com stock,2013-12-03 01:24:14,2013-12-04 09:58:20,1999,12
1240,c:85862,0.0,86250000.0,2008-12-01,NASDAQ:INGN,VC-backed Inogen files for $86.25 mln IPO  Fortune,2013-12-03 05:25:08,2013-12-03 05:26:35,2008,12
1242,c:17533,0.0,124600000.0,2007-07-06,NASDAQ: SPRD,Spreadtrum Communications IPO prices above range,2013-12-04 01:00:15,2013-12-04 01:00:15,2007,7
1243,c:284081,0.0,0.0,2013-07-17,NYSE:NYLD,,2013-12-04 12:34:30,2013-12-04 12:36:41,2013,7
1244,c:284194,0.0,0.0,2000-01-01,NYSE:ACT,,2013-12-05 04:36:33,2013-12-05 04:37:08,2000,1
1245,c:213595,0.0,70000000.0,2013-12-03,Nasdaq:XNCR,Xencor trades higher after IPO prices at $70M,2013-12-05 11:19:12,2013-12-05 11:19:12,2013,12
1247,c:285065,0.0,0.0,1990-01-02,OTC:CMI,,2013-12-09 06:46:25,2013-12-09 07:11:52,1990,1
1248,c:31659,0.0,0.0,2001-02-12,OTC:RHHBY,,2013-12-09 07:06:19,2013-12-09 07:12:30,2001,2
1249,c:212794,0.0,0.0,1990-01-01,UNH,,2013-12-09 21:03:29,2013-12-09 21:04:53,1990,1
1250,c:220209,0.0,0.0,2012-10-26,NYSE:WWAV,,2013-12-10 03:33:39,2013-12-10 03:46:43,2012,10
1251,c:157681,0.0,0.0,2009-08-28,NYSE:CFN,,2013-12-10 06:55:49,2013-12-10 06:55:49,2009,8
1253,c:36508,0.0,43000000.0,2013-12-11,TYO:3681,Chip Shot: Intel Capital Portfolio Company V-Cube Completes IPO,2013-12-11 17:13:33,2013-12-11 17:21:35,2013,12
1254,c:152753,0.0,0.0,1985-12-05,NASDAQ:COST,Costco Investor Relations,2013-12-11 23:28:07,2013-12-11 23:28:07,1985,12
1256,c:39330,0.0,725000000.0,2013-12-11,NYSE:ARMK,Food services firm Aramark raises $725 mln in IPO - underwriter,2013-12-12 07:08:45,2013-12-12 07:19:44,2013,12
1257,c:220208,0.0,2350000000.0,2008-12-08,NYSE:HLT,Hilton Worldwide Prices Initial Public Offering,2013-12-12 07:16:31,2013-12-12 07:20:41,2008,12
